Dt,Adj Close,Close,Div,Factor,High,Low,Open,Volume
2000-01-03,,,,,,,,
2000-01-04,,,,,,,,
2000-01-05,,,,,,,,
2000-01-06,,,,,,,,
2000-01-07,,,,,,,,
2000-01-10,,,,,,,,
2000-01-11,,,,,,,,
2000-01-12,,,,,,,,
2000-01-13,,,,,,,,
2000-01-14,,,,,,,,
2000-01-18,,,,,,,,
2000-01-19,,,,,,,,
2000-01-20,,,,,,,,
2000-01-21,,,,,,,,
2000-01-24,,,,,,,,
2000-01-25,,,,,,,,
2000-01-26,,,,,,,,
2000-01-27,,,,,,,,
2000-01-28,,,,,,,,
2000-01-31,,,,,,,,
2000-02-01,,,,,,,,
2000-02-02,,,,,,,,
2000-02-03,,,,,,,,
2000-02-04,,,,,,,,
2000-02-07,,,,,,,,
2000-02-08,,,,,,,,
2000-02-09,,,,,,,,
2000-02-10,,,,,,,,
2000-02-11,,,,,,,,
2000-02-14,,,,,,,,
2000-02-15,,,,,,,,
2000-02-16,,,,,,,,
2000-02-17,,,,,,,,
2000-02-18,,,,,,,,
2000-02-22,,,,,,,,
2000-02-23,,,,,,,,
2000-02-24,,,,,,,,
2000-02-25,,,,,,,,
2000-02-28,,,,,,,,
2000-02-29,,,,,,,,
2000-03-01,,,,,,,,
2000-03-02,,,,,,,,
2000-03-03,,,,,,,,
2000-03-06,,,,,,,,
2000-03-07,,,,,,,,
2000-03-08,,,,,,,,
2000-03-09,,,,,,,,
2000-03-10,,,,,,,,
2000-03-13,,,,,,,,
2000-03-14,,,,,,,,
2000-03-15,,,,,,,,
2000-03-16,,,,,,,,
2000-03-17,,,,,,,,
2000-03-20,,,,,,,,
2000-03-21,,,,,,,,
2000-03-22,,,,,,,,
2000-03-23,,,,,,,,
2000-03-24,,,,,,,,
2000-03-27,,,,,,,,
2000-03-28,,,,,,,,
2000-03-29,,,,,,,,
2000-03-30,,,,,,,,
2000-03-31,,,,,,,,
2000-04-03,,,,,,,,
2000-04-04,,,,,,,,
2000-04-05,,,,,,,,
2000-04-06,,,,,,,,
2000-04-07,,,,,,,,
2000-04-10,,,,,,,,
2000-04-11,,,,,,,,
2000-04-12,,,,,,,,
2000-04-13,,,,,,,,
2000-04-14,,,,,,,,
2000-04-17,,,,,,,,
2000-04-18,,,,,,,,
2000-04-19,,,,,,,,
2000-04-20,,,,,,,,
2000-04-24,,,,,,,,
2000-04-25,,,,,,,,
2000-04-26,,,,,,,,
2000-04-27,,,,,,,,
2000-04-28,,,,,,,,
2000-05-01,,,,,,,,
2000-05-02,,,,,,,,
2000-05-03,,,,,,,,
2000-05-04,,,,,,,,
2000-05-05,,,,,,,,
2000-05-08,,,,,,,,
2000-05-09,,,,,,,,
2000-05-10,,,,,,,,
2000-05-11,,,,,,,,
2000-05-12,,,,,,,,
2000-05-15,,,,,,,,
2000-05-16,,,,,,,,
2000-05-17,,,,,,,,
2000-05-18,,,,,,,,
2000-05-19,,,,,,,,
2000-05-22,,,,,,,,
2000-05-23,,,,,,,,
2000-05-24,,,,,,,,
2000-05-25,,,,,,,,
2000-05-26,,,,,,,,
2000-05-30,,,,,,,,
2000-05-31,,,,,,,,
2000-06-01,,,,,,,,
2000-06-02,,,,,,,,
2000-06-05,,,,,,,,
2000-06-06,,,,,,,,
2000-06-07,,,,,,,,
2000-06-08,,,,,,,,
2000-06-09,,,,,,,,
2000-06-12,,,,,,,,
2000-06-13,,,,,,,,
2000-06-14,,,,,,,,
2000-06-15,,,,,,,,
2000-06-16,,,,,,,,
2000-06-19,,,,,,,,
2000-06-20,,,,,,,,
2000-06-21,,,,,,,,
2000-06-22,,,,,,,,
2000-06-23,,,,,,,,
2000-06-26,,,,,,,,
2000-06-27,,,,,,,,
2000-06-28,,,,,,,,
2000-06-29,,,,,,,,
2000-06-30,,,,,,,,
2000-07-03,,,,,,,,
2000-07-05,,,,,,,,
2000-07-06,,,,,,,,
2000-07-07,,,,,,,,
2000-07-10,,,,,,,,
2000-07-11,,,,,,,,
2000-07-12,,,,,,,,
2000-07-13,,,,,,,,
2000-07-14,,,,,,,,
2000-07-17,,,,,,,,
2000-07-18,,,,,,,,
2000-07-19,,,,,,,,
2000-07-20,,,,,,,,
2000-07-21,,,,,,,,
2000-07-24,,,,,,,,
2000-07-25,,,,,,,,
2000-07-26,,,,,,,,
2000-07-27,,,,,,,,
2000-07-28,,,,,,,,
2000-07-31,,,,,,,,
2000-08-01,,,,,,,,
2000-08-02,,,,,,,,
2000-08-03,,,,,,,,
2000-08-04,,,,,,,,
2000-08-07,,,,,,,,
2000-08-08,,,,,,,,
2000-08-09,,,,,,,,
2000-08-10,,,,,,,,
2000-08-11,,,,,,,,
2000-08-14,,,,,,,,
2000-08-15,,,,,,,,
2000-08-16,,,,,,,,
2000-08-17,,,,,,,,
2000-08-18,,,,,,,,
2000-08-21,,,,,,,,
2000-08-22,,,,,,,,
2000-08-23,,,,,,,,
2000-08-24,,,,,,,,
2000-08-25,,,,,,,,
2000-08-28,,,,,,,,
2000-08-29,,,,,,,,
2000-08-30,,,,,,,,
2000-08-31,,,,,,,,
2000-09-01,,,,,,,,
2000-09-05,,,,,,,,
2000-09-06,,,,,,,,
2000-09-07,,,,,,,,
2000-09-08,,,,,,,,
2000-09-11,,,,,,,,
2000-09-12,,,,,,,,
2000-09-13,,,,,,,,
2000-09-14,,,,,,,,
2000-09-15,,,,,,,,
2000-09-18,,,,,,,,
2000-09-19,,,,,,,,
2000-09-20,,,,,,,,
2000-09-21,,,,,,,,
2000-09-22,,,,,,,,
2000-09-25,,,,,,,,
2000-09-26,,,,,,,,
2000-09-27,,,,,,,,
2000-09-28,,,,,,,,
2000-09-29,,,,,,,,
2000-10-02,,,,,,,,
2000-10-03,,,,,,,,
2000-10-04,,,,,,,,
2000-10-05,,,,,,,,
2000-10-06,,,,,,,,
2000-10-09,,,,,,,,
2000-10-10,,,,,,,,
2000-10-11,,,,,,,,
2000-10-12,,,,,,,,
2000-10-13,,,,,,,,
2000-10-16,,,,,,,,
2000-10-17,,,,,,,,
2000-10-18,,,,,,,,
2000-10-19,,,,,,,,
2000-10-20,,,,,,,,
2000-10-23,,,,,,,,
2000-10-24,,,,,,,,
2000-10-25,,,,,,,,
2000-10-26,,,,,,,,
2000-10-27,,,,,,,,
2000-10-30,,,,,,,,
2000-10-31,,,,,,,,
2000-11-01,,,,,,,,
2000-11-02,,,,,,,,
2000-11-03,,,,,,,,
2000-11-06,,,,,,,,
2000-11-07,,,,,,,,
2000-11-08,,,,,,,,
2000-11-09,,,,,,,,
2000-11-10,,,,,,,,
2000-11-13,,,,,,,,
2000-11-14,,,,,,,,
2000-11-15,,,,,,,,
2000-11-16,,,,,,,,
2000-11-17,,,,,,,,
2000-11-20,,,,,,,,
2000-11-21,,,,,,,,
2000-11-22,,,,,,,,
2000-11-24,,,,,,,,
2000-11-27,,,,,,,,
2000-11-28,,,,,,,,
2000-11-29,,,,,,,,
2000-11-30,,,,,,,,
2000-12-01,,,,,,,,
2000-12-04,,,,,,,,
2000-12-05,,,,,,,,
2000-12-06,,,,,,,,
2000-12-07,,,,,,,,
2000-12-08,,,,,,,,
2000-12-11,,,,,,,,
2000-12-12,,,,,,,,
2000-12-13,,,,,,,,
2000-12-14,,,,,,,,
2000-12-15,,,,,,,,
2000-12-18,,,,,,,,
2000-12-19,,,,,,,,
2000-12-20,,,,,,,,
2000-12-21,,,,,,,,
2000-12-22,,,,,,,,
2000-12-26,,,,,,,,
2000-12-27,,,,,,,,
2000-12-28,,,,,,,,
2000-12-29,,,,,,,,
2001-01-02,,,,,,,,
2001-01-03,,,,,,,,
2001-01-04,,,,,,,,
2001-01-05,,,,,,,,
2001-01-08,,,,,,,,
2001-01-09,,,,,,,,
2001-01-10,,,,,,,,
2001-01-11,,,,,,,,
2001-01-12,,,,,,,,
2001-01-16,,,,,,,,
2001-01-17,,,,,,,,
2001-01-18,,,,,,,,
2001-01-19,,,,,,,,
2001-01-22,,,,,,,,
2001-01-23,,,,,,,,
2001-01-24,,,,,,,,
2001-01-25,,,,,,,,
2001-01-26,,,,,,,,
2001-01-29,,,,,,,,
2001-01-30,,,,,,,,
2001-01-31,,,,,,,,
2001-02-01,,,,,,,,
2001-02-02,,,,,,,,
2001-02-05,,,,,,,,
2001-02-06,,,,,,,,
2001-02-07,,,,,,,,
2001-02-08,,,,,,,,
2001-02-09,,,,,,,,
2001-02-12,,,,,,,,
2001-02-13,,,,,,,,
2001-02-14,,,,,,,,
2001-02-15,,,,,,,,
2001-02-16,,,,,,,,
2001-02-20,,,,,,,,
2001-02-21,,,,,,,,
2001-02-22,,,,,,,,
2001-02-23,,,,,,,,
2001-02-26,,,,,,,,
2001-02-27,,,,,,,,
2001-02-28,,,,,,,,
2001-03-01,,,,,,,,
2001-03-02,,,,,,,,
2001-03-05,,,,,,,,
2001-03-06,,,,,,,,
2001-03-07,,,,,,,,
2001-03-08,,,,,,,,
2001-03-09,,,,,,,,
2001-03-12,,,,,,,,
2001-03-13,,,,,,,,
2001-03-14,,,,,,,,
2001-03-15,,,,,,,,
2001-03-16,,,,,,,,
2001-03-19,,,,,,,,
2001-03-20,,,,,,,,
2001-03-21,,,,,,,,
2001-03-22,,,,,,,,
2001-03-23,,,,,,,,
2001-03-26,,,,,,,,
2001-03-27,,,,,,,,
2001-03-28,,,,,,,,
2001-03-29,,,,,,,,
2001-03-30,,,,,,,,
2001-04-02,,,,,,,,
2001-04-03,,,,,,,,
2001-04-04,,,,,,,,
2001-04-05,,,,,,,,
2001-04-06,,,,,,,,
2001-04-09,,,,,,,,
2001-04-10,,,,,,,,
2001-04-11,,,,,,,,
2001-04-12,,,,,,,,
2001-04-16,,,,,,,,
2001-04-17,,,,,,,,
2001-04-18,,,,,,,,
2001-04-19,,,,,,,,
2001-04-20,,,,,,,,
2001-04-23,,,,,,,,
2001-04-24,,,,,,,,
2001-04-25,,,,,,,,
2001-04-26,,,,,,,,
2001-04-27,,,,,,,,
2001-04-30,,,,,,,,
2001-05-01,,,,,,,,
2001-05-02,,,,,,,,
2001-05-03,,,,,,,,
2001-05-04,,,,,,,,
2001-05-07,,,,,,,,
2001-05-08,,,,,,,,
2001-05-09,,,,,,,,
2001-05-10,,,,,,,,
2001-05-11,,,,,,,,
2001-05-14,,,,,,,,
2001-05-15,,,,,,,,
2001-05-16,,,,,,,,
2001-05-17,,,,,,,,
2001-05-18,,,,,,,,
2001-05-21,,,,,,,,
2001-05-22,,,,,,,,
2001-05-23,,,,,,,,
2001-05-24,,,,,,,,
2001-05-25,,,,,,,,
2001-05-29,,,,,,,,
2001-05-30,,,,,,,,
2001-05-31,,,,,,,,
2001-06-01,,,,,,,,
2001-06-04,,,,,,,,
2001-06-05,,,,,,,,
2001-06-06,,,,,,,,
2001-06-07,,,,,,,,
2001-06-08,,,,,,,,
2001-06-11,,,,,,,,
2001-06-12,,,,,,,,
2001-06-13,,,,,,,,
2001-06-14,,,,,,,,
2001-06-15,,,,,,,,
2001-06-18,,,,,,,,
2001-06-19,,,,,,,,
2001-06-20,,,,,,,,
2001-06-21,,,,,,,,
2001-06-22,,,,,,,,
2001-06-25,,,,,,,,
2001-06-26,,,,,,,,
2001-06-27,,,,,,,,
2001-06-28,,,,,,,,
2001-06-29,,,,,,,,
2001-07-02,,,,,,,,
2001-07-03,,,,,,,,
2001-07-05,,,,,,,,
2001-07-06,,,,,,,,
2001-07-09,,,,,,,,
2001-07-10,,,,,,,,
2001-07-11,,,,,,,,
2001-07-12,,,,,,,,
2001-07-13,,,,,,,,
2001-07-16,,,,,,,,
2001-07-17,,,,,,,,
2001-07-18,,,,,,,,
2001-07-19,,,,,,,,
2001-07-20,,,,,,,,
2001-07-23,,,,,,,,
2001-07-24,,,,,,,,
2001-07-25,,,,,,,,
2001-07-26,,,,,,,,
2001-07-27,,,,,,,,
2001-07-30,,,,,,,,
2001-07-31,,,,,,,,
2001-08-01,,,,,,,,
2001-08-02,,,,,,,,
2001-08-03,,,,,,,,
2001-08-06,,,,,,,,
2001-08-07,,,,,,,,
2001-08-08,,,,,,,,
2001-08-09,,,,,,,,
2001-08-10,,,,,,,,
2001-08-13,,,,,,,,
2001-08-14,,,,,,,,
2001-08-15,,,,,,,,
2001-08-16,,,,,,,,
2001-08-17,,,,,,,,
2001-08-20,,,,,,,,
2001-08-21,,,,,,,,
2001-08-22,,,,,,,,
2001-08-23,,,,,,,,
2001-08-24,,,,,,,,
2001-08-27,,,,,,,,
2001-08-28,,,,,,,,
2001-08-29,,,,,,,,
2001-08-30,,,,,,,,
2001-08-31,,,,,,,,
2001-09-04,,,,,,,,
2001-09-05,,,,,,,,
2001-09-06,,,,,,,,
2001-09-07,,,,,,,,
2001-09-10,,,,,,,,
2001-09-17,,,,,,,,
2001-09-18,,,,,,,,
2001-09-19,,,,,,,,
2001-09-20,,,,,,,,
2001-09-21,,,,,,,,
2001-09-24,,,,,,,,
2001-09-25,,,,,,,,
2001-09-26,,,,,,,,
2001-09-27,,,,,,,,
2001-09-28,,,,,,,,
2001-10-01,,,,,,,,
2001-10-02,,,,,,,,
2001-10-03,,,,,,,,
2001-10-04,,,,,,,,
2001-10-05,,,,,,,,
2001-10-08,,,,,,,,
2001-10-09,,,,,,,,
2001-10-10,,,,,,,,
2001-10-11,,,,,,,,
2001-10-12,,,,,,,,
2001-10-15,,,,,,,,
2001-10-16,,,,,,,,
2001-10-17,,,,,,,,
2001-10-18,,,,,,,,
2001-10-19,,,,,,,,
2001-10-22,,,,,,,,
2001-10-23,,,,,,,,
2001-10-24,,,,,,,,
2001-10-25,,,,,,,,
2001-10-26,,,,,,,,
2001-10-29,,,,,,,,
2001-10-30,,,,,,,,
2001-10-31,,,,,,,,
2001-11-01,,,,,,,,
2001-11-02,,,,,,,,
2001-11-05,,,,,,,,
2001-11-06,,,,,,,,
2001-11-07,,,,,,,,
2001-11-08,,,,,,,,
2001-11-09,,,,,,,,
2001-11-12,,,,,,,,
2001-11-13,,,,,,,,
2001-11-14,,,,,,,,
2001-11-15,,,,,,,,
2001-11-16,,,,,,,,
2001-11-19,,,,,,,,
2001-11-20,,,,,,,,
2001-11-21,,,,,,,,
2001-11-23,,,,,,,,
2001-11-26,,,,,,,,
2001-11-27,,,,,,,,
2001-11-28,,,,,,,,
2001-11-29,,,,,,,,
2001-11-30,,,,,,,,
2001-12-03,,,,,,,,
2001-12-04,,,,,,,,
2001-12-05,,,,,,,,
2001-12-06,,,,,,,,
2001-12-07,,,,,,,,
2001-12-10,,,,,,,,
2001-12-11,,,,,,,,
2001-12-12,,,,,,,,
2001-12-13,,,,,,,,
2001-12-14,,,,,,,,
2001-12-17,,,,,,,,
2001-12-18,,,,,,,,
2001-12-19,,,,,,,,
2001-12-20,,,,,,,,
2001-12-21,,,,,,,,
2001-12-24,,,,,,,,
2001-12-26,,,,,,,,
2001-12-27,,,,,,,,
2001-12-28,,,,,,,,
2001-12-31,,,,,,,,
2002-01-02,,,,,,,,
2002-01-03,,,,,,,,
2002-01-04,,,,,,,,
2002-01-07,,,,,,,,
2002-01-08,,,,,,,,
2002-01-09,,,,,,,,
2002-01-10,,,,,,,,
2002-01-11,,,,,,,,
2002-01-14,,,,,,,,
2002-01-15,,,,,,,,
2002-01-16,,,,,,,,
2002-01-17,,,,,,,,
2002-01-18,,,,,,,,
2002-01-22,,,,,,,,
2002-01-23,,,,,,,,
2002-01-24,,,,,,,,
2002-01-25,,,,,,,,
2002-01-28,,,,,,,,
2002-01-29,,,,,,,,
2002-01-30,,,,,,,,
2002-01-31,,,,,,,,
2002-02-01,,,,,,,,
2002-02-04,,,,,,,,
2002-02-05,,,,,,,,
2002-02-06,,,,,,,,
2002-02-07,,,,,,,,
2002-02-08,,,,,,,,
2002-02-11,,,,,,,,
2002-02-12,,,,,,,,
2002-02-13,,,,,,,,
2002-02-14,,,,,,,,
2002-02-15,,,,,,,,
2002-02-19,,,,,,,,
2002-02-20,,,,,,,,
2002-02-21,,,,,,,,
2002-02-22,,,,,,,,
2002-02-25,,,,,,,,
2002-02-26,,,,,,,,
2002-02-27,,,,,,,,
2002-02-28,,,,,,,,
2002-03-01,,,,,,,,
2002-03-04,,,,,,,,
2002-03-05,,,,,,,,
2002-03-06,,,,,,,,
2002-03-07,,,,,,,,
2002-03-08,,,,,,,,
2002-03-11,,,,,,,,
2002-03-12,,,,,,,,
2002-03-13,,,,,,,,
2002-03-14,,,,,,,,
2002-03-15,,,,,,,,
2002-03-18,,,,,,,,
2002-03-19,,,,,,,,
2002-03-20,,,,,,,,
2002-03-21,,,,,,,,
2002-03-22,,,,,,,,
2002-03-25,,,,,,,,
2002-03-26,,,,,,,,
2002-03-27,,,,,,,,
2002-03-28,,,,,,,,
2002-04-01,,,,,,,,
2002-04-02,,,,,,,,
2002-04-03,,,,,,,,
2002-04-04,,,,,,,,
2002-04-05,,,,,,,,
2002-04-08,,,,,,,,
2002-04-09,,,,,,,,
2002-04-10,,,,,,,,
2002-04-11,,,,,,,,
2002-04-12,,,,,,,,
2002-04-15,,,,,,,,
2002-04-16,,,,,,,,
2002-04-17,,,,,,,,
2002-04-18,,,,,,,,
2002-04-19,,,,,,,,
2002-04-22,,,,,,,,
2002-04-23,,,,,,,,
2002-04-24,,,,,,,,
2002-04-25,,,,,,,,
2002-04-26,,,,,,,,
2002-04-29,,,,,,,,
2002-04-30,,,,,,,,
2002-05-01,,,,,,,,
2002-05-02,,,,,,,,
2002-05-03,,,,,,,,
2002-05-06,,,,,,,,
2002-05-07,,,,,,,,
2002-05-08,,,,,,,,
2002-05-09,,,,,,,,
2002-05-10,,,,,,,,
2002-05-13,,,,,,,,
2002-05-14,,,,,,,,
2002-05-15,,,,,,,,
2002-05-16,,,,,,,,
2002-05-17,,,,,,,,
2002-05-20,,,,,,,,
2002-05-21,,,,,,,,
2002-05-22,,,,,,,,
2002-05-23,,,,,,,,
2002-05-24,,,,,,,,
2002-05-28,,,,,,,,
2002-05-29,,,,,,,,
2002-05-30,,,,,,,,
2002-05-31,,,,,,,,
2002-06-03,,,,,,,,
2002-06-04,,,,,,,,
2002-06-05,,,,,,,,
2002-06-06,,,,,,,,
2002-06-07,,,,,,,,
2002-06-10,,,,,,,,
2002-06-11,,,,,,,,
2002-06-12,,,,,,,,
2002-06-13,,,,,,,,
2002-06-14,,,,,,,,
2002-06-17,,,,,,,,
2002-06-18,,,,,,,,
2002-06-19,,,,,,,,
2002-06-20,,,,,,,,
2002-06-21,,,,,,,,
2002-06-24,,,,,,,,
2002-06-25,,,,,,,,
2002-06-26,,,,,,,,
2002-06-27,,,,,,,,
2002-06-28,,,,,,,,
2002-07-01,,,,,,,,
2002-07-02,,,,,,,,
2002-07-03,,,,,,,,
2002-07-05,,,,,,,,
2002-07-08,,,,,,,,
2002-07-09,,,,,,,,
2002-07-10,,,,,,,,
2002-07-11,,,,,,,,
2002-07-12,,,,,,,,
2002-07-15,,,,,,,,
2002-07-16,,,,,,,,
2002-07-17,,,,,,,,
2002-07-18,,,,,,,,
2002-07-19,,,,,,,,
2002-07-22,,,,,,,,
2002-07-23,,,,,,,,
2002-07-24,,,,,,,,
2002-07-25,,,,,,,,
2002-07-26,,,,,,,,
2002-07-29,,,,,,,,
2002-07-30,,,,,,,,
2002-07-31,,,,,,,,
2002-08-01,,,,,,,,
2002-08-02,,,,,,,,
2002-08-05,,,,,,,,
2002-08-06,,,,,,,,
2002-08-07,,,,,,,,
2002-08-08,,,,,,,,
2002-08-09,,,,,,,,
2002-08-12,,,,,,,,
2002-08-13,,,,,,,,
2002-08-14,,,,,,,,
2002-08-15,,,,,,,,
2002-08-16,,,,,,,,
2002-08-19,,,,,,,,
2002-08-20,,,,,,,,
2002-08-21,,,,,,,,
2002-08-22,,,,,,,,
2002-08-23,,,,,,,,
2002-08-26,,,,,,,,
2002-08-27,,,,,,,,
2002-08-28,,,,,,,,
2002-08-29,,,,,,,,
2002-08-30,,,,,,,,
2002-09-03,,,,,,,,
2002-09-04,,,,,,,,
2002-09-05,,,,,,,,
2002-09-06,,,,,,,,
2002-09-09,,,,,,,,
2002-09-10,,,,,,,,
2002-09-11,,,,,,,,
2002-09-12,,,,,,,,
2002-09-13,,,,,,,,
2002-09-16,,,,,,,,
2002-09-17,,,,,,,,
2002-09-18,,,,,,,,
2002-09-19,,,,,,,,
2002-09-20,,,,,,,,
2002-09-23,,,,,,,,
2002-09-24,,,,,,,,
2002-09-25,,,,,,,,
2002-09-26,,,,,,,,
2002-09-27,,,,,,,,
2002-09-30,,,,,,,,
2002-10-01,,,,,,,,
2002-10-02,,,,,,,,
2002-10-03,,,,,,,,
2002-10-04,,,,,,,,
2002-10-07,,,,,,,,
2002-10-08,,,,,,,,
2002-10-09,,,,,,,,
2002-10-10,,,,,,,,
2002-10-11,,,,,,,,
2002-10-14,,,,,,,,
2002-10-15,,,,,,,,
2002-10-16,,,,,,,,
2002-10-17,,,,,,,,
2002-10-18,,,,,,,,
2002-10-21,,,,,,,,
2002-10-22,,,,,,,,
2002-10-23,,,,,,,,
2002-10-24,,,,,,,,
2002-10-25,,,,,,,,
2002-10-28,,,,,,,,
2002-10-29,,,,,,,,
2002-10-30,,,,,,,,
2002-10-31,,,,,,,,
2002-11-01,,,,,,,,
2002-11-04,,,,,,,,
2002-11-05,,,,,,,,
2002-11-06,,,,,,,,
2002-11-07,,,,,,,,
2002-11-08,,,,,,,,
2002-11-11,,,,,,,,
2002-11-12,,,,,,,,
2002-11-13,,,,,,,,
2002-11-14,,,,,,,,
2002-11-15,,,,,,,,
2002-11-18,,,,,,,,
2002-11-19,,,,,,,,
2002-11-20,,,,,,,,
2002-11-21,,,,,,,,
2002-11-22,,,,,,,,
2002-11-25,,,,,,,,
2002-11-26,,,,,,,,
2002-11-27,,,,,,,,
2002-11-29,,,,,,,,
2002-12-02,,,,,,,,
2002-12-03,,,,,,,,
2002-12-04,,,,,,,,
2002-12-05,,,,,,,,
2002-12-06,,,,,,,,
2002-12-09,,,,,,,,
2002-12-10,,,,,,,,
2002-12-11,,,,,,,,
2002-12-12,,,,,,,,
2002-12-13,,,,,,,,
2002-12-16,,,,,,,,
2002-12-17,,,,,,,,
2002-12-18,,,,,,,,
2002-12-19,,,,,,,,
2002-12-20,,,,,,,,
2002-12-23,,,,,,,,
2002-12-24,,,,,,,,
2002-12-26,,,,,,,,
2002-12-27,,,,,,,,
2002-12-30,,,,,,,,
2002-12-31,,,,,,,,
2003-01-02,,,,,,,,
2003-01-03,,,,,,,,
2003-01-06,,,,,,,,
2003-01-07,,,,,,,,
2003-01-08,,,,,,,,
2003-01-09,,,,,,,,
2003-01-10,,,,,,,,
2003-01-13,,,,,,,,
2003-01-14,,,,,,,,
2003-01-15,,,,,,,,
2003-01-16,,,,,,,,
2003-01-17,,,,,,,,
2003-01-21,,,,,,,,
2003-01-22,,,,,,,,
2003-01-23,,,,,,,,
2003-01-24,,,,,,,,
2003-01-27,,,,,,,,
2003-01-28,,,,,,,,
2003-01-29,,,,,,,,
2003-01-30,,,,,,,,
2003-01-31,,,,,,,,
2003-02-03,,,,,,,,
2003-02-04,,,,,,,,
2003-02-05,,,,,,,,
2003-02-06,,,,,,,,
2003-02-07,,,,,,,,
2003-02-10,,,,,,,,
2003-02-11,,,,,,,,
2003-02-12,,,,,,,,
2003-02-13,,,,,,,,
2003-02-14,,,,,,,,
2003-02-18,,,,,,,,
2003-02-19,,,,,,,,
2003-02-20,,,,,,,,
2003-02-21,,,,,,,,
2003-02-24,,,,,,,,
2003-02-25,,,,,,,,
2003-02-26,,,,,,,,
2003-02-27,,,,,,,,
2003-02-28,,,,,,,,
2003-03-03,,,,,,,,
2003-03-04,,,,,,,,
2003-03-05,,,,,,,,
2003-03-06,,,,,,,,
2003-03-07,,,,,,,,
2003-03-10,,,,,,,,
2003-03-11,,,,,,,,
2003-03-12,,,,,,,,
2003-03-13,,,,,,,,
2003-03-14,,,,,,,,
2003-03-17,,,,,,,,
2003-03-18,,,,,,,,
2003-03-19,,,,,,,,
2003-03-20,,,,,,,,
2003-03-21,,,,,,,,
2003-03-24,,,,,,,,
2003-03-25,,,,,,,,
2003-03-26,,,,,,,,
2003-03-27,,,,,,,,
2003-03-28,,,,,,,,
2003-03-31,,,,,,,,
2003-04-01,,,,,,,,
2003-04-02,,,,,,,,
2003-04-03,,,,,,,,
2003-04-04,,,,,,,,
2003-04-07,,,,,,,,
2003-04-08,,,,,,,,
2003-04-09,,,,,,,,
2003-04-10,,,,,,,,
2003-04-11,,,,,,,,
2003-04-14,,,,,,,,
2003-04-15,,,,,,,,
2003-04-16,,,,,,,,
2003-04-17,,,,,,,,
2003-04-21,,,,,,,,
2003-04-22,,,,,,,,
2003-04-23,,,,,,,,
2003-04-24,,,,,,,,
2003-04-25,,,,,,,,
2003-04-28,,,,,,,,
2003-04-29,,,,,,,,
2003-04-30,,,,,,,,
2003-05-01,,,,,,,,
2003-05-02,,,,,,,,
2003-05-05,,,,,,,,
2003-05-06,,,,,,,,
2003-05-07,,,,,,,,
2003-05-08,,,,,,,,
2003-05-09,,,,,,,,
2003-05-12,,,,,,,,
2003-05-13,,,,,,,,
2003-05-14,,,,,,,,
2003-05-15,,,,,,,,
2003-05-16,,,,,,,,
2003-05-19,,,,,,,,
2003-05-20,,,,,,,,
2003-05-21,,,,,,,,
2003-05-22,,,,,,,,
2003-05-23,,,,,,,,
2003-05-27,,,,,,,,
2003-05-28,,,,,,,,
2003-05-29,,,,,,,,
2003-05-30,,,,,,,,
2003-06-02,,,,,,,,
2003-06-03,,,,,,,,
2003-06-04,,,,,,,,
2003-06-05,,,,,,,,
2003-06-06,,,,,,,,
2003-06-09,,,,,,,,
2003-06-10,,,,,,,,
2003-06-11,,,,,,,,
2003-06-12,,,,,,,,
2003-06-13,,,,,,,,
2003-06-16,,,,,,,,
2003-06-17,,,,,,,,
2003-06-18,,,,,,,,
2003-06-19,,,,,,,,
2003-06-20,,,,,,,,
2003-06-23,,,,,,,,
2003-06-24,,,,,,,,
2003-06-25,,,,,,,,
2003-06-26,,,,,,,,
2003-06-27,,,,,,,,
2003-06-30,,,,,,,,
2003-07-01,,,,,,,,
2003-07-02,,,,,,,,
2003-07-03,,,,,,,,
2003-07-07,,,,,,,,
2003-07-08,,,,,,,,
2003-07-09,,,,,,,,
2003-07-10,,,,,,,,
2003-07-11,,,,,,,,
2003-07-14,,,,,,,,
2003-07-15,,,,,,,,
2003-07-16,,,,,,,,
2003-07-17,,,,,,,,
2003-07-18,,,,,,,,
2003-07-21,,,,,,,,
2003-07-22,,,,,,,,
2003-07-23,,,,,,,,
2003-07-24,,,,,,,,
2003-07-25,,,,,,,,
2003-07-28,,,,,,,,
2003-07-29,,,,,,,,
2003-07-30,,,,,,,,
2003-07-31,,,,,,,,
2003-08-01,,,,,,,,
2003-08-04,,,,,,,,
2003-08-05,,,,,,,,
2003-08-06,,,,,,,,
2003-08-07,,,,,,,,
2003-08-08,,,,,,,,
2003-08-11,,,,,,,,
2003-08-12,,,,,,,,
2003-08-13,,,,,,,,
2003-08-14,,,,,,,,
2003-08-15,,,,,,,,
2003-08-18,,,,,,,,
2003-08-19,,,,,,,,
2003-08-20,,,,,,,,
2003-08-21,,,,,,,,
2003-08-22,,,,,,,,
2003-08-25,,,,,,,,
2003-08-26,,,,,,,,
2003-08-27,,,,,,,,
2003-08-28,,,,,,,,
2003-08-29,,,,,,,,
2003-09-02,,,,,,,,
2003-09-03,,,,,,,,
2003-09-04,,,,,,,,
2003-09-05,,,,,,,,
2003-09-08,,,,,,,,
2003-09-09,,,,,,,,
2003-09-10,,,,,,,,
2003-09-11,,,,,,,,
2003-09-12,,,,,,,,
2003-09-15,,,,,,,,
2003-09-16,,,,,,,,
2003-09-17,,,,,,,,
2003-09-18,,,,,,,,
2003-09-19,,,,,,,,
2003-09-22,,,,,,,,
2003-09-23,,,,,,,,
2003-09-24,,,,,,,,
2003-09-25,,,,,,,,
2003-09-26,,,,,,,,
2003-09-29,,,,,,,,
2003-09-30,,,,,,,,
2003-10-01,,,,,,,,
2003-10-02,,,,,,,,
2003-10-03,,,,,,,,
2003-10-06,,,,,,,,
2003-10-07,,,,,,,,
2003-10-08,,,,,,,,
2003-10-09,,,,,,,,
2003-10-10,,,,,,,,
2003-10-13,,,,,,,,
2003-10-14,,,,,,,,
2003-10-15,,,,,,,,
2003-10-16,,,,,,,,
2003-10-17,,,,,,,,
2003-10-20,,,,,,,,
2003-10-21,,,,,,,,
2003-10-22,,,,,,,,
2003-10-23,,,,,,,,
2003-10-24,,,,,,,,
2003-10-27,,,,,,,,
2003-10-28,,,,,,,,
2003-10-29,,,,,,,,
2003-10-30,,,,,,,,
2003-10-31,,,,,,,,
2003-11-03,,,,,,,,
2003-11-04,,,,,,,,
2003-11-05,,,,,,,,
2003-11-06,,,,,,,,
2003-11-07,,,,,,,,
2003-11-10,,,,,,,,
2003-11-11,,,,,,,,
2003-11-12,,,,,,,,
2003-11-13,,,,,,,,
2003-11-14,,,,,,,,
2003-11-17,,,,,,,,
2003-11-18,,,,,,,,
2003-11-19,,,,,,,,
2003-11-20,,,,,,,,
2003-11-21,,,,,,,,
2003-11-24,,,,,,,,
2003-11-25,,,,,,,,
2003-11-26,,,,,,,,
2003-11-28,,,,,,,,
2003-12-01,,,,,,,,
2003-12-02,,,,,,,,
2003-12-03,,,,,,,,
2003-12-04,,,,,,,,
2003-12-05,,,,,,,,
2003-12-08,,,,,,,,
2003-12-09,,,,,,,,
2003-12-10,,,,,,,,
2003-12-11,,,,,,,,
2003-12-12,,,,,,,,
2003-12-15,,,,,,,,
2003-12-16,,,,,,,,
2003-12-17,,,,,,,,
2003-12-18,,,,,,,,
2003-12-19,,,,,,,,
2003-12-22,,,,,,,,
2003-12-23,,,,,,,,
2003-12-24,,,,,,,,
2003-12-26,,,,,,,,
2003-12-29,,,,,,,,
2003-12-30,,,,,,,,
2003-12-31,,,,,,,,
2004-01-02,,,,,,,,
2004-01-05,,,,,,,,
2004-01-06,,,,,,,,
2004-01-07,,,,,,,,
2004-01-08,,,,,,,,
2004-01-09,,,,,,,,
2004-01-12,,,,,,,,
2004-01-13,,,,,,,,
2004-01-14,,,,,,,,
2004-01-15,,,,,,,,
2004-01-16,,,,,,,,
2004-01-20,,,,,,,,
2004-01-21,,,,,,,,
2004-01-22,,,,,,,,
2004-01-23,,,,,,,,
2004-01-26,,,,,,,,
2004-01-27,,,,,,,,
2004-01-28,,,,,,,,
2004-01-29,,,,,,,,
2004-01-30,,,,,,,,
2004-02-02,,,,,,,,
2004-02-03,,,,,,,,
2004-02-04,,,,,,,,
2004-02-05,,,,,,,,
2004-02-06,,,,,,,,
2004-02-09,,,,,,,,
2004-02-10,,,,,,,,
2004-02-11,,,,,,,,
2004-02-12,,,,,,,,
2004-02-13,,,,,,,,
2004-02-17,,,,,,,,
2004-02-18,,,,,,,,
2004-02-19,,,,,,,,
2004-02-20,,,,,,,,
2004-02-23,,,,,,,,
2004-02-24,,,,,,,,
2004-02-25,,,,,,,,
2004-02-26,,,,,,,,
2004-02-27,,,,,,,,
2004-03-01,,,,,,,,
2004-03-02,,,,,,,,
2004-03-03,,,,,,,,
2004-03-04,,,,,,,,
2004-03-05,,,,,,,,
2004-03-08,,,,,,,,
2004-03-09,,,,,,,,
2004-03-10,,,,,,,,
2004-03-11,,,,,,,,
2004-03-12,,,,,,,,
2004-03-15,,,,,,,,
2004-03-16,,,,,,,,
2004-03-17,,,,,,,,
2004-03-18,,,,,,,,
2004-03-19,,,,,,,,
2004-03-22,,,,,,,,
2004-03-23,,,,,,,,
2004-03-24,,,,,,,,
2004-03-25,,,,,,,,
2004-03-26,,,,,,,,
2004-03-29,,,,,,,,
2004-03-30,,,,,,,,
2004-03-31,,,,,,,,
2004-04-01,,,,,,,,
2004-04-02,,,,,,,,
2004-04-05,,,,,,,,
2004-04-06,,,,,,,,
2004-04-07,,,,,,,,
2004-04-08,,,,,,,,
2004-04-12,,,,,,,,
2004-04-13,,,,,,,,
2004-04-14,,,,,,,,
2004-04-15,,,,,,,,
2004-04-16,,,,,,,,
2004-04-19,,,,,,,,
2004-04-20,,,,,,,,
2004-04-21,,,,,,,,
2004-04-22,,,,,,,,
2004-04-23,,,,,,,,
2004-04-26,,,,,,,,
2004-04-27,,,,,,,,
2004-04-28,,,,,,,,
2004-04-29,,,,,,,,
2004-04-30,,,,,,,,
2004-05-03,,,,,,,,
2004-05-04,,,,,,,,
2004-05-05,,,,,,,,
2004-05-06,,,,,,,,
2004-05-07,,,,,,,,
2004-05-10,,,,,,,,
2004-05-11,,,,,,,,
2004-05-12,,,,,,,,
2004-05-13,,,,,,,,
2004-05-14,,,,,,,,
2004-05-17,,,,,,,,
2004-05-18,,,,,,,,
2004-05-19,,,,,,,,
2004-05-20,,,,,,,,
2004-05-21,,,,,,,,
2004-05-24,,,,,,,,
2004-05-25,,,,,,,,
2004-05-26,,,,,,,,
2004-05-27,,,,,,,,
2004-05-28,,,,,,,,
2004-06-01,,,,,,,,
2004-06-02,,,,,,,,
2004-06-03,,,,,,,,
2004-06-04,,,,,,,,
2004-06-07,,,,,,,,
2004-06-08,,,,,,,,
2004-06-09,,,,,,,,
2004-06-10,,,,,,,,
2004-06-14,,,,,,,,
2004-06-15,,,,,,,,
2004-06-16,,,,,,,,
2004-06-17,,,,,,,,
2004-06-18,,,,,,,,
2004-06-21,,,,,,,,
2004-06-22,,,,,,,,
2004-06-23,,,,,,,,
2004-06-24,,,,,,,,
2004-06-25,,,,,,,,
2004-06-28,,,,,,,,
2004-06-29,,,,,,,,
2004-06-30,,,,,,,,
2004-07-01,,,,,,,,
2004-07-02,,,,,,,,
2004-07-06,,,,,,,,
2004-07-07,,,,,,,,
2004-07-08,,,,,,,,
2004-07-09,,,,,,,,
2004-07-12,,,,,,,,
2004-07-13,,,,,,,,
2004-07-14,,,,,,,,
2004-07-15,,,,,,,,
2004-07-16,,,,,,,,
2004-07-19,,,,,,,,
2004-07-20,,,,,,,,
2004-07-21,,,,,,,,
2004-07-22,,,,,,,,
2004-07-23,,,,,,,,
2004-07-26,,,,,,,,
2004-07-27,,,,,,,,
2004-07-28,,,,,,,,
2004-07-29,,,,,,,,
2004-07-30,,,,,,,,
2004-08-02,,,,,,,,
2004-08-03,,,,,,,,
2004-08-04,,,,,,,,
2004-08-05,,,,,,,,
2004-08-06,,,,,,,,
2004-08-09,,,,,,,,
2004-08-10,,,,,,,,
2004-08-11,,,,,,,,
2004-08-12,,,,,,,,
2004-08-13,,,,,,,,
2004-08-16,,,,,,,,
2004-08-17,,,,,,,,
2004-08-18,,,,,,,,
2004-08-19,,,,,,,,
2004-08-20,,,,,,,,
2004-08-23,,,,,,,,
2004-08-24,,,,,,,,
2004-08-25,,,,,,,,
2004-08-26,,,,,,,,
2004-08-27,,,,,,,,
2004-08-30,,,,,,,,
2004-08-31,,,,,,,,
2004-09-01,,,,,,,,
2004-09-02,,,,,,,,
2004-09-03,,,,,,,,
2004-09-07,,,,,,,,
2004-09-08,,,,,,,,
2004-09-09,,,,,,,,
2004-09-10,,,,,,,,
2004-09-13,,,,,,,,
2004-09-14,,,,,,,,
2004-09-15,,,,,,,,
2004-09-16,,,,,,,,
2004-09-17,,,,,,,,
2004-09-20,,,,,,,,
2004-09-21,,,,,,,,
2004-09-22,,,,,,,,
2004-09-23,,,,,,,,
2004-09-24,,,,,,,,
2004-09-27,,,,,,,,
2004-09-28,,,,,,,,
2004-09-29,,,,,,,,
2004-09-30,,,,,,,,
2004-10-01,,,,,,,,
2004-10-04,,,,,,,,
2004-10-05,,,,,,,,
2004-10-06,,,,,,,,
2004-10-07,,,,,,,,
2004-10-08,,,,,,,,
2004-10-11,,,,,,,,
2004-10-12,,,,,,,,
2004-10-13,,,,,,,,
2004-10-14,,,,,,,,
2004-10-15,,,,,,,,
2004-10-18,,,,,,,,
2004-10-19,,,,,,,,
2004-10-20,,,,,,,,
2004-10-21,,,,,,,,
2004-10-22,,,,,,,,
2004-10-25,,,,,,,,
2004-10-26,,,,,,,,
2004-10-27,,,,,,,,
2004-10-28,,,,,,,,
2004-10-29,,,,,,,,
2004-11-01,,,,,,,,
2004-11-02,,,,,,,,
2004-11-03,,,,,,,,
2004-11-04,,,,,,,,
2004-11-05,,,,,,,,
2004-11-08,,,,,,,,
2004-11-09,,,,,,,,
2004-11-10,,,,,,,,
2004-11-11,,,,,,,,
2004-11-12,,,,,,,,
2004-11-15,,,,,,,,
2004-11-16,,,,,,,,
2004-11-17,,,,,,,,
2004-11-18,,,,,,,,
2004-11-19,,,,,,,,
2004-11-22,,,,,,,,
2004-11-23,,,,,,,,
2004-11-24,,,,,,,,
2004-11-26,,,,,,,,
2004-11-29,,,,,,,,
2004-11-30,,,,,,,,
2004-12-01,,,,,,,,
2004-12-02,,,,,,,,
2004-12-03,,,,,,,,
2004-12-06,,,,,,,,
2004-12-07,,,,,,,,
2004-12-08,,,,,,,,
2004-12-09,,,,,,,,
2004-12-10,,,,,,,,
2004-12-13,,,,,,,,
2004-12-14,,,,,,,,
2004-12-15,,,,,,,,
2004-12-16,,,,,,,,
2004-12-17,,,,,,,,
2004-12-20,,,,,,,,
2004-12-21,,,,,,,,
2004-12-22,,,,,,,,
2004-12-23,,,,,,,,
2004-12-27,,,,,,,,
2004-12-28,,,,,,,,
2004-12-29,,,,,,,,
2004-12-30,,,,,,,,
2004-12-31,,,,,,,,
2005-01-03,,,,,,,,
2005-01-04,,,,,,,,
2005-01-05,,,,,,,,
2005-01-06,,,,,,,,
2005-01-07,,,,,,,,
2005-01-10,,,,,,,,
2005-01-11,,,,,,,,
2005-01-12,,,,,,,,
2005-01-13,,,,,,,,
2005-01-14,,,,,,,,
2005-01-18,,,,,,,,
2005-01-19,,,,,,,,
2005-01-20,,,,,,,,
2005-01-21,,,,,,,,
2005-01-24,,,,,,,,
2005-01-25,,,,,,,,
2005-01-26,,,,,,,,
2005-01-27,,,,,,,,
2005-01-28,,,,,,,,
2005-01-31,,,,,,,,
2005-02-01,,,,,,,,
2005-02-02,,,,,,,,
2005-02-03,,,,,,,,
2005-02-04,,,,,,,,
2005-02-07,,,,,,,,
2005-02-08,,,,,,,,
2005-02-09,,,,,,,,
2005-02-10,,,,,,,,
2005-02-11,,,,,,,,
2005-02-14,,,,,,,,
2005-02-15,,,,,,,,
2005-02-16,,,,,,,,
2005-02-17,,,,,,,,
2005-02-18,,,,,,,,
2005-02-22,,,,,,,,
2005-02-23,,,,,,,,
2005-02-24,,,,,,,,
2005-02-25,,,,,,,,
2005-02-28,,,,,,,,
2005-03-01,,,,,,,,
2005-03-02,,,,,,,,
2005-03-03,,,,,,,,
2005-03-04,,,,,,,,
2005-03-07,,,,,,,,
2005-03-08,,,,,,,,
2005-03-09,,,,,,,,
2005-03-10,,,,,,,,
2005-03-11,,,,,,,,
2005-03-14,,,,,,,,
2005-03-15,,,,,,,,
2005-03-16,,,,,,,,
2005-03-17,,,,,,,,
2005-03-18,,,,,,,,
2005-03-21,,,,,,,,
2005-03-22,,,,,,,,
2005-03-23,,,,,,,,
2005-03-24,,,,,,,,
2005-03-28,,,,,,,,
2005-03-29,,,,,,,,
2005-03-30,,,,,,,,
2005-03-31,,,,,,,,
2005-04-01,,,,,,,,
2005-04-04,,,,,,,,
2005-04-05,,,,,,,,
2005-04-06,,,,,,,,
2005-04-07,,,,,,,,
2005-04-08,,,,,,,,
2005-04-11,,,,,,,,
2005-04-12,,,,,,,,
2005-04-13,,,,,,,,
2005-04-14,,,,,,,,
2005-04-15,,,,,,,,
2005-04-18,,,,,,,,
2005-04-19,,,,,,,,
2005-04-20,,,,,,,,
2005-04-21,,,,,,,,
2005-04-22,,,,,,,,
2005-04-25,,,,,,,,
2005-04-26,,,,,,,,
2005-04-27,,,,,,,,
2005-04-28,,,,,,,,
2005-04-29,,,,,,,,
2005-05-02,,,,,,,,
2005-05-03,,,,,,,,
2005-05-04,,,,,,,,
2005-05-05,,,,,,,,
2005-05-06,,,,,,,,
2005-05-09,,,,,,,,
2005-05-10,,,,,,,,
2005-05-11,,,,,,,,
2005-05-12,,,,,,,,
2005-05-13,,,,,,,,
2005-05-16,,,,,,,,
2005-05-17,,,,,,,,
2005-05-18,,,,,,,,
2005-05-19,,,,,,,,
2005-05-20,,,,,,,,
2005-05-23,,,,,,,,
2005-05-24,,,,,,,,
2005-05-25,,,,,,,,
2005-05-26,,,,,,,,
2005-05-27,,,,,,,,
2005-05-31,,,,,,,,
2005-06-01,,,,,,,,
2005-06-02,,,,,,,,
2005-06-03,,,,,,,,
2005-06-06,,,,,,,,
2005-06-07,,,,,,,,
2005-06-08,,,,,,,,
2005-06-09,,,,,,,,
2005-06-10,,,,,,,,
2005-06-13,,,,,,,,
2005-06-14,,,,,,,,
2005-06-15,,,,,,,,
2005-06-16,,,,,,,,
2005-06-17,,,,,,,,
2005-06-20,,,,,,,,
2005-06-21,,,,,,,,
2005-06-22,,,,,,,,
2005-06-23,,,,,,,,
2005-06-24,,,,,,,,
2005-06-27,,,,,,,,
2005-06-28,,,,,,,,
2005-06-29,,,,,,,,
2005-06-30,,,,,,,,
2005-07-01,,,,,,,,
2005-07-05,,,,,,,,
2005-07-06,,,,,,,,
2005-07-07,,,,,,,,
2005-07-08,,,,,,,,
2005-07-11,,,,,,,,
2005-07-12,,,,,,,,
2005-07-13,,,,,,,,
2005-07-14,,,,,,,,
2005-07-15,,,,,,,,
2005-07-18,,,,,,,,
2005-07-19,,,,,,,,
2005-07-20,,,,,,,,
2005-07-21,,,,,,,,
2005-07-22,,,,,,,,
2005-07-25,,,,,,,,
2005-07-26,,,,,,,,
2005-07-27,,,,,,,,
2005-07-28,,,,,,,,
2005-07-29,,,,,,,,
2005-08-01,,,,,,,,
2005-08-02,,,,,,,,
2005-08-03,,,,,,,,
2005-08-04,,,,,,,,
2005-08-05,,,,,,,,
2005-08-08,,,,,,,,
2005-08-09,,,,,,,,
2005-08-10,,,,,,,,
2005-08-11,,,,,,,,
2005-08-12,,,,,,,,
2005-08-15,,,,,,,,
2005-08-16,,,,,,,,
2005-08-17,,,,,,,,
2005-08-18,,,,,,,,
2005-08-19,,,,,,,,
2005-08-22,,,,,,,,
2005-08-23,,,,,,,,
2005-08-24,,,,,,,,
2005-08-25,,,,,,,,
2005-08-26,,,,,,,,
2005-08-29,,,,,,,,
2005-08-30,,,,,,,,
2005-08-31,,,,,,,,
2005-09-01,,,,,,,,
2005-09-02,,,,,,,,
2005-09-06,,,,,,,,
2005-09-07,,,,,,,,
2005-09-08,,,,,,,,
2005-09-09,,,,,,,,
2005-09-12,,,,,,,,
2005-09-13,,,,,,,,
2005-09-14,,,,,,,,
2005-09-15,,,,,,,,
2005-09-16,,,,,,,,
2005-09-19,,,,,,,,
2005-09-20,,,,,,,,
2005-09-21,,,,,,,,
2005-09-22,,,,,,,,
2005-09-23,,,,,,,,
2005-09-26,,,,,,,,
2005-09-27,,,,,,,,
2005-09-28,,,,,,,,
2005-09-29,,,,,,,,
2005-09-30,,,,,,,,
2005-10-03,,,,,,,,
2005-10-04,,,,,,,,
2005-10-05,,,,,,,,
2005-10-06,,,,,,,,
2005-10-07,,,,,,,,
2005-10-10,,,,,,,,
2005-10-11,,,,,,,,
2005-10-12,,,,,,,,
2005-10-13,,,,,,,,
2005-10-14,,,,,,,,
2005-10-17,,,,,,,,
2005-10-18,,,,,,,,
2005-10-19,,,,,,,,
2005-10-20,,,,,,,,
2005-10-21,,,,,,,,
2005-10-24,,,,,,,,
2005-10-25,,,,,,,,
2005-10-26,,,,,,,,
2005-10-27,,,,,,,,
2005-10-28,,,,,,,,
2005-10-31,,,,,,,,
2005-11-01,,,,,,,,
2005-11-02,,,,,,,,
2005-11-03,,,,,,,,
2005-11-04,,,,,,,,
2005-11-07,,,,,,,,
2005-11-08,,,,,,,,
2005-11-09,,,,,,,,
2005-11-10,,,,,,,,
2005-11-11,,,,,,,,
2005-11-14,,,,,,,,
2005-11-15,,,,,,,,
2005-11-16,,,,,,,,
2005-11-17,,,,,,,,
2005-11-18,,,,,,,,
2005-11-21,,,,,,,,
2005-11-22,,,,,,,,
2005-11-23,,,,,,,,
2005-11-25,,,,,,,,
2005-11-28,,,,,,,,
2005-11-29,,,,,,,,
2005-11-30,,,,,,,,
2005-12-01,,,,,,,,
2005-12-02,,,,,,,,
2005-12-05,,,,,,,,
2005-12-06,,,,,,,,
2005-12-07,,,,,,,,
2005-12-08,,,,,,,,
2005-12-09,,,,,,,,
2005-12-12,,,,,,,,
2005-12-13,,,,,,,,
2005-12-14,,,,,,,,
2005-12-15,,,,,,,,
2005-12-16,,,,,,,,
2005-12-19,,,,,,,,
2005-12-20,,,,,,,,
2005-12-21,,,,,,,,
2005-12-22,,,,,,,,
2005-12-23,,,,,,,,
2005-12-27,,,,,,,,
2005-12-28,,,,,,,,
2005-12-29,,,,,,,,
2005-12-30,,,,,,,,
2006-01-03,,,,,,,,
2006-01-04,,,,,,,,
2006-01-05,,,,,,,,
2006-01-06,,,,,,,,
2006-01-09,,,,,,,,
2006-01-10,,,,,,,,
2006-01-11,,,,,,,,
2006-01-12,,,,,,,,
2006-01-13,,,,,,,,
2006-01-17,,,,,,,,
2006-01-18,,,,,,,,
2006-01-19,,,,,,,,
2006-01-20,,,,,,,,
2006-01-23,,,,,,,,
2006-01-24,,,,,,,,
2006-01-25,,,,,,,,
2006-01-26,,,,,,,,
2006-01-27,,,,,,,,
2006-01-30,,,,,,,,
2006-01-31,,,,,,,,
2006-02-01,,,,,,,,
2006-02-02,,,,,,,,
2006-02-03,,,,,,,,
2006-02-06,,,,,,,,
2006-02-07,,,,,,,,
2006-02-08,,,,,,,,
2006-02-09,,,,,,,,
2006-02-10,,,,,,,,
2006-02-13,,,,,,,,
2006-02-14,,,,,,,,
2006-02-15,,,,,,,,
2006-02-16,,,,,,,,
2006-02-17,,,,,,,,
2006-02-21,,,,,,,,
2006-02-22,,,,,,,,
2006-02-23,,,,,,,,
2006-02-24,,,,,,,,
2006-02-27,,,,,,,,
2006-02-28,,,,,,,,
2006-03-01,,,,,,,,
2006-03-02,,,,,,,,
2006-03-03,,,,,,,,
2006-03-06,,,,,,,,
2006-03-07,,,,,,,,
2006-03-08,,,,,,,,
2006-03-09,,,,,,,,
2006-03-10,,,,,,,,
2006-03-13,,,,,,,,
2006-03-14,,,,,,,,
2006-03-15,,,,,,,,
2006-03-16,,,,,,,,
2006-03-17,,,,,,,,
2006-03-20,,,,,,,,
2006-03-21,,,,,,,,
2006-03-22,,,,,,,,
2006-03-23,,,,,,,,
2006-03-24,,,,,,,,
2006-03-27,,,,,,,,
2006-03-28,,,,,,,,
2006-03-29,,,,,,,,
2006-03-30,,,,,,,,
2006-03-31,,,,,,,,
2006-04-03,,,,,,,,
2006-04-04,,,,,,,,
2006-04-05,,,,,,,,
2006-04-06,,,,,,,,
2006-04-07,,,,,,,,
2006-04-10,,,,,,,,
2006-04-11,,,,,,,,
2006-04-12,,,,,,,,
2006-04-13,,,,,,,,
2006-04-17,,,,,,,,
2006-04-18,,,,,,,,
2006-04-19,,,,,,,,
2006-04-20,,,,,,,,
2006-04-21,,,,,,,,
2006-04-24,,,,,,,,
2006-04-25,,,,,,,,
2006-04-26,,,,,,,,
2006-04-27,,,,,,,,
2006-04-28,,,,,,,,
2006-05-01,,,,,,,,
2006-05-02,,,,,,,,
2006-05-03,,,,,,,,
2006-05-04,,,,,,,,
2006-05-05,,,,,,,,
2006-05-08,,,,,,,,
2006-05-09,,,,,,,,
2006-05-10,,,,,,,,
2006-05-11,,,,,,,,
2006-05-12,,,,,,,,
2006-05-15,,,,,,,,
2006-05-16,,,,,,,,
2006-05-17,,,,,,,,
2006-05-18,,,,,,,,
2006-05-19,,,,,,,,
2006-05-22,,,,,,,,
2006-05-23,,,,,,,,
2006-05-24,,,,,,,,
2006-05-25,,,,,,,,
2006-05-26,,,,,,,,
2006-05-30,,,,,,,,
2006-05-31,,,,,,,,
2006-06-01,,,,,,,,
2006-06-02,,,,,,,,
2006-06-05,,,,,,,,
2006-06-06,,,,,,,,
2006-06-07,,,,,,,,
2006-06-08,,,,,,,,
2006-06-09,,,,,,,,
2006-06-12,,,,,,,,
2006-06-13,,,,,,,,
2006-06-14,,,,,,,,
2006-06-15,,,,,,,,
2006-06-16,,,,,,,,
2006-06-19,,,,,,,,
2006-06-20,,,,,,,,
2006-06-21,,,,,,,,
2006-06-22,,,,,,,,
2006-06-23,,,,,,,,
2006-06-26,,,,,,,,
2006-06-27,,,,,,,,
2006-06-28,,,,,,,,
2006-06-29,,,,,,,,
2006-06-30,,,,,,,,
2006-07-03,,,,,,,,
2006-07-05,,,,,,,,
2006-07-06,,,,,,,,
2006-07-07,,,,,,,,
2006-07-10,,,,,,,,
2006-07-11,,,,,,,,
2006-07-12,,,,,,,,
2006-07-13,,,,,,,,
2006-07-14,,,,,,,,
2006-07-17,,,,,,,,
2006-07-18,,,,,,,,
2006-07-19,,,,,,,,
2006-07-20,,,,,,,,
2006-07-21,,,,,,,,
2006-07-24,,,,,,,,
2006-07-25,,,,,,,,
2006-07-26,,,,,,,,
2006-07-27,,,,,,,,
2006-07-28,,,,,,,,
2006-07-31,,,,,,,,
2006-08-01,,,,,,,,
2006-08-02,,,,,,,,
2006-08-03,,,,,,,,
2006-08-04,,,,,,,,
2006-08-07,,,,,,,,
2006-08-08,,,,,,,,
2006-08-09,,,,,,,,
2006-08-10,,,,,,,,
2006-08-11,,,,,,,,
2006-08-14,,,,,,,,
2006-08-15,,,,,,,,
2006-08-16,,,,,,,,
2006-08-17,,,,,,,,
2006-08-18,,,,,,,,
2006-08-21,,,,,,,,
2006-08-22,,,,,,,,
2006-08-23,,,,,,,,
2006-08-24,,,,,,,,
2006-08-25,,,,,,,,
2006-08-28,,,,,,,,
2006-08-29,,,,,,,,
2006-08-30,,,,,,,,
2006-08-31,,,,,,,,
2006-09-01,,,,,,,,
2006-09-05,,,,,,,,
2006-09-06,,,,,,,,
2006-09-07,,,,,,,,
2006-09-08,,,,,,,,
2006-09-11,,,,,,,,
2006-09-12,,,,,,,,
2006-09-13,,,,,,,,
2006-09-14,,,,,,,,
2006-09-15,,,,,,,,
2006-09-18,,,,,,,,
2006-09-19,,,,,,,,
2006-09-20,,,,,,,,
2006-09-21,,,,,,,,
2006-09-22,,,,,,,,
2006-09-25,,,,,,,,
2006-09-26,,,,,,,,
2006-09-27,,,,,,,,
2006-09-28,,,,,,,,
2006-09-29,,,,,,,,
2006-10-02,,,,,,,,
2006-10-03,,,,,,,,
2006-10-04,,,,,,,,
2006-10-05,,,,,,,,
2006-10-06,,,,,,,,
2006-10-09,,,,,,,,
2006-10-10,,,,,,,,
2006-10-11,,,,,,,,
2006-10-12,,,,,,,,
2006-10-13,,,,,,,,
2006-10-16,,,,,,,,
2006-10-17,,,,,,,,
2006-10-18,,,,,,,,
2006-10-19,,,,,,,,
2006-10-20,,,,,,,,
2006-10-23,,,,,,,,
2006-10-24,,,,,,,,
2006-10-25,,,,,,,,
2006-10-26,,,,,,,,
2006-10-27,,,,,,,,
2006-10-30,,,,,,,,
2006-10-31,,,,,,,,
2006-11-01,,,,,,,,
2006-11-02,,,,,,,,
2006-11-03,,,,,,,,
2006-11-06,,,,,,,,
2006-11-07,,,,,,,,
2006-11-08,,,,,,,,
2006-11-09,,,,,,,,
2006-11-10,,,,,,,,
2006-11-13,,,,,,,,
2006-11-14,,,,,,,,
2006-11-15,,,,,,,,
2006-11-16,,,,,,,,
2006-11-17,,,,,,,,
2006-11-20,,,,,,,,
2006-11-21,,,,,,,,
2006-11-22,,,,,,,,
2006-11-24,,,,,,,,
2006-11-27,,,,,,,,
2006-11-28,,,,,,,,
2006-11-29,,,,,,,,
2006-11-30,,,,,,,,
2006-12-01,,,,,,,,
2006-12-04,,,,,,,,
2006-12-05,,,,,,,,
2006-12-06,,,,,,,,
2006-12-07,,,,,,,,
2006-12-08,,,,,,,,
2006-12-11,,,,,,,,
2006-12-12,,,,,,,,
2006-12-13,,,,,,,,
2006-12-14,,,,,,,,
2006-12-15,,,,,,,,
2006-12-18,,,,,,,,
2006-12-19,,,,,,,,
2006-12-20,,,,,,,,
2006-12-21,,,,,,,,
2006-12-22,,,,,,,,
2006-12-26,,,,,,,,
2006-12-27,,,,,,,,
2006-12-28,,,,,,,,
2006-12-29,,,,,,,,
2007-01-03,,,,,,,,
2007-01-04,,,,,,,,
2007-01-05,,,,,,,,
2007-01-08,,,,,,,,
2007-01-09,,,,,,,,
2007-01-10,,,,,,,,
2007-01-11,,,,,,,,
2007-01-12,,,,,,,,
2007-01-16,,,,,,,,
2007-01-17,,,,,,,,
2007-01-18,,,,,,,,
2007-01-19,,,,,,,,
2007-01-22,,,,,,,,
2007-01-23,,,,,,,,
2007-01-24,,,,,,,,
2007-01-25,,,,,,,,
2007-01-26,,,,,,,,
2007-01-29,,,,,,,,
2007-01-30,,,,,,,,
2007-01-31,,,,,,,,
2007-02-01,,,,,,,,
2007-02-02,,,,,,,,
2007-02-05,,,,,,,,
2007-02-06,,,,,,,,
2007-02-07,,,,,,,,
2007-02-08,,,,,,,,
2007-02-09,,,,,,,,
2007-02-12,,,,,,,,
2007-02-13,,,,,,,,
2007-02-14,,,,,,,,
2007-02-15,,,,,,,,
2007-02-16,,,,,,,,
2007-02-20,,,,,,,,
2007-02-21,,,,,,,,
2007-02-22,,,,,,,,
2007-02-23,,,,,,,,
2007-02-26,,,,,,,,
2007-02-27,,,,,,,,
2007-02-28,,,,,,,,
2007-03-01,,,,,,,,
2007-03-02,,,,,,,,
2007-03-05,,,,,,,,
2007-03-06,,,,,,,,
2007-03-07,,,,,,,,
2007-03-08,,,,,,,,
2007-03-09,,,,,,,,
2007-03-12,,,,,,,,
2007-03-13,,,,,,,,
2007-03-14,,,,,,,,
2007-03-15,,,,,,,,
2007-03-16,,,,,,,,
2007-03-19,,,,,,,,
2007-03-20,,,,,,,,
2007-03-21,,,,,,,,
2007-03-22,,,,,,,,
2007-03-23,,,,,,,,
2007-03-26,,,,,,,,
2007-03-27,,,,,,,,
2007-03-28,,,,,,,,
2007-03-29,,,,,,,,
2007-03-30,,,,,,,,
2007-04-02,,,,,,,,
2007-04-03,,,,,,,,
2007-04-04,,,,,,,,
2007-04-05,,,,,,,,
2007-04-09,,,,,,,,
2007-04-10,,,,,,,,
2007-04-11,,,,,,,,
2007-04-12,,,,,,,,
2007-04-13,,,,,,,,
2007-04-16,,,,,,,,
2007-04-17,,,,,,,,
2007-04-18,,,,,,,,
2007-04-19,,,,,,,,
2007-04-20,,,,,,,,
2007-04-23,,,,,,,,
2007-04-24,,,,,,,,
2007-04-25,,,,,,,,
2007-04-26,,,,,,,,
2007-04-27,,,,,,,,
2007-04-30,,,,,,,,
2007-05-01,,,,,,,,
2007-05-02,,,,,,,,
2007-05-03,,,,,,,,
2007-05-04,,,,,,,,
2007-05-07,,,,,,,,
2007-05-08,,,,,,,,
2007-05-09,,,,,,,,
2007-05-10,,,,,,,,
2007-05-11,,,,,,,,
2007-05-14,,,,,,,,
2007-05-15,,,,,,,,
2007-05-16,,,,,,,,
2007-05-17,,,,,,,,
2007-05-18,,,,,,,,
2007-05-21,,,,,,,,
2007-05-22,,,,,,,,
2007-05-23,,,,,,,,
2007-05-24,,,,,,,,
2007-05-25,,,,,,,,
2007-05-29,,,,,,,,
2007-05-30,,,,,,,,
2007-05-31,,,,,,,,
2007-06-01,,,,,,,,
2007-06-04,,,,,,,,
2007-06-05,,,,,,,,
2007-06-06,,,,,,,,
2007-06-07,,,,,,,,
2007-06-08,,,,,,,,
2007-06-11,,,,,,,,
2007-06-12,,,,,,,,
2007-06-13,,,,,,,,
2007-06-14,,,,,,,,
2007-06-15,,,,,,,,
2007-06-18,,,,,,,,
2007-06-19,,,,,,,,
2007-06-20,,,,,,,,
2007-06-21,,,,,,,,
2007-06-22,,,,,,,,
2007-06-25,,,,,,,,
2007-06-26,,,,,,,,
2007-06-27,,,,,,,,
2007-06-28,,,,,,,,
2007-06-29,,,,,,,,
2007-07-02,,,,,,,,
2007-07-03,,,,,,,,
2007-07-05,,,,,,,,
2007-07-06,,,,,,,,
2007-07-09,,,,,,,,
2007-07-10,,,,,,,,
2007-07-11,,,,,,,,
2007-07-12,,,,,,,,
2007-07-13,,,,,,,,
2007-07-16,,,,,,,,
2007-07-17,,,,,,,,
2007-07-18,,,,,,,,
2007-07-19,,,,,,,,
2007-07-20,,,,,,,,
2007-07-23,,,,,,,,
2007-07-24,,,,,,,,
2007-07-25,,,,,,,,
2007-07-26,,,,,,,,
2007-07-27,,,,,,,,
2007-07-30,,,,,,,,
2007-07-31,,,,,,,,
2007-08-01,,,,,,,,
2007-08-02,,,,,,,,
2007-08-03,,,,,,,,
2007-08-06,,,,,,,,
2007-08-07,,,,,,,,
2007-08-08,,,,,,,,
2007-08-09,,,,,,,,
2007-08-10,,,,,,,,
2007-08-13,,,,,,,,
2007-08-14,,,,,,,,
2007-08-15,,,,,,,,
2007-08-16,,,,,,,,
2007-08-17,,,,,,,,
2007-08-20,,,,,,,,
2007-08-21,,,,,,,,
2007-08-22,,,,,,,,
2007-08-23,,,,,,,,
2007-08-24,,,,,,,,
2007-08-27,,,,,,,,
2007-08-28,,,,,,,,
2007-08-29,,,,,,,,
2007-08-30,,,,,,,,
2007-08-31,,,,,,,,
2007-09-04,,,,,,,,
2007-09-05,,,,,,,,
2007-09-06,,,,,,,,
2007-09-07,,,,,,,,
2007-09-10,,,,,,,,
2007-09-11,,,,,,,,
2007-09-12,,,,,,,,
2007-09-13,,,,,,,,
2007-09-14,,,,,,,,
2007-09-17,,,,,,,,
2007-09-18,,,,,,,,
2007-09-19,,,,,,,,
2007-09-20,,,,,,,,
2007-09-21,,,,,,,,
2007-09-24,,,,,,,,
2007-09-25,,,,,,,,
2007-09-26,,,,,,,,
2007-09-27,,,,,,,,
2007-09-28,,,,,,,,
2007-10-01,,,,,,,,
2007-10-02,,,,,,,,
2007-10-03,,,,,,,,
2007-10-04,,,,,,,,
2007-10-05,,,,,,,,
2007-10-08,,,,,,,,
2007-10-09,,,,,,,,
2007-10-10,,,,,,,,
2007-10-11,,,,,,,,
2007-10-12,,,,,,,,
2007-10-15,,,,,,,,
2007-10-16,,,,,,,,
2007-10-17,,,,,,,,
2007-10-18,,,,,,,,
2007-10-19,,,,,,,,
2007-10-22,,,,,,,,
2007-10-23,,,,,,,,
2007-10-24,,,,,,,,
2007-10-25,,,,,,,,
2007-10-26,,,,,,,,
2007-10-29,,,,,,,,
2007-10-30,,,,,,,,
2007-10-31,,,,,,,,
2007-11-01,,,,,,,,
2007-11-02,,,,,,,,
2007-11-05,,,,,,,,
2007-11-06,,,,,,,,
2007-11-07,,,,,,,,
2007-11-08,,,,,,,,
2007-11-09,,,,,,,,
2007-11-12,,,,,,,,
2007-11-13,,,,,,,,
2007-11-14,,,,,,,,
2007-11-15,,,,,,,,
2007-11-16,,,,,,,,
2007-11-19,,,,,,,,
2007-11-20,,,,,,,,
2007-11-21,,,,,,,,
2007-11-23,,,,,,,,
2007-11-26,,,,,,,,
2007-11-27,,,,,,,,
2007-11-28,,,,,,,,
2007-11-29,,,,,,,,
2007-11-30,,,,,,,,
2007-12-03,,,,,,,,
2007-12-04,,,,,,,,
2007-12-05,,,,,,,,
2007-12-06,,,,,,,,
2007-12-07,,,,,,,,
2007-12-10,,,,,,,,
2007-12-11,,,,,,,,
2007-12-12,,,,,,,,
2007-12-13,,,,,,,,
2007-12-14,,,,,,,,
2007-12-17,,,,,,,,
2007-12-18,,,,,,,,
2007-12-19,,,,,,,,
2007-12-20,,,,,,,,
2007-12-21,,,,,,,,
2007-12-24,,,,,,,,
2007-12-26,,,,,,,,
2007-12-27,,,,,,,,
2007-12-28,,,,,,,,
2007-12-31,,,,,,,,
2008-01-02,,,,,,,,
2008-01-03,,,,,,,,
2008-01-04,,,,,,,,
2008-01-07,,,,,,,,
2008-01-08,,,,,,,,
2008-01-09,,,,,,,,
2008-01-10,,,,,,,,
2008-01-11,,,,,,,,
2008-01-14,,,,,,,,
2008-01-15,,,,,,,,
2008-01-16,,,,,,,,
2008-01-17,,,,,,,,
2008-01-18,,,,,,,,
2008-01-22,,,,,,,,
2008-01-23,,,,,,,,
2008-01-24,,,,,,,,
2008-01-25,,,,,,,,
2008-01-28,,,,,,,,
2008-01-29,,,,,,,,
2008-01-30,,,,,,,,
2008-01-31,,,,,,,,
2008-02-01,,,,,,,,
2008-02-04,,,,,,,,
2008-02-05,,,,,,,,
2008-02-06,,,,,,,,
2008-02-07,,,,,,,,
2008-02-08,,,,,,,,
2008-02-11,,,,,,,,
2008-02-12,,,,,,,,
2008-02-13,,,,,,,,
2008-02-14,,,,,,,,
2008-02-15,,,,,,,,
2008-02-19,,,,,,,,
2008-02-20,,,,,,,,
2008-02-21,,,,,,,,
2008-02-22,,,,,,,,
2008-02-25,,,,,,,,
2008-02-26,,,,,,,,
2008-02-27,,,,,,,,
2008-02-28,,,,,,,,
2008-02-29,,,,,,,,
2008-03-03,,,,,,,,
2008-03-04,,,,,,,,
2008-03-05,,,,,,,,
2008-03-06,,,,,,,,
2008-03-07,,,,,,,,
2008-03-10,,,,,,,,
2008-03-11,,,,,,,,
2008-03-12,,,,,,,,
2008-03-13,,,,,,,,
2008-03-14,,,,,,,,
2008-03-17,,,,,,,,
2008-03-18,,,,,,,,
2008-03-19,,,,,,,,
2008-03-20,,,,,,,,
2008-03-24,,,,,,,,
2008-03-25,,,,,,,,
2008-03-26,,,,,,,,
2008-03-27,,,,,,,,
2008-03-28,,,,,,,,
2008-03-31,,,,,,,,
2008-04-01,,,,,,,,
2008-04-02,,,,,,,,
2008-04-03,,,,,,,,
2008-04-04,,,,,,,,
2008-04-07,,,,,,,,
2008-04-08,,,,,,,,
2008-04-09,,,,,,,,
2008-04-10,,,,,,,,
2008-04-11,,,,,,,,
2008-04-14,,,,,,,,
2008-04-15,,,,,,,,
2008-04-16,,,,,,,,
2008-04-17,,,,,,,,
2008-04-18,,,,,,,,
2008-04-21,,,,,,,,
2008-04-22,,,,,,,,
2008-04-23,,,,,,,,
2008-04-24,,,,,,,,
2008-04-25,,,,,,,,
2008-04-28,,,,,,,,
2008-04-29,,,,,,,,
2008-04-30,,,,,,,,
2008-05-01,,,,,,,,
2008-05-02,,,,,,,,
2008-05-05,,,,,,,,
2008-05-06,,,,,,,,
2008-05-07,,,,,,,,
2008-05-08,,,,,,,,
2008-05-09,,,,,,,,
2008-05-12,,,,,,,,
2008-05-13,,,,,,,,
2008-05-14,,,,,,,,
2008-05-15,,,,,,,,
2008-05-16,,,,,,,,
2008-05-19,,,,,,,,
2008-05-20,,,,,,,,
2008-05-21,,,,,,,,
2008-05-22,,,,,,,,
2008-05-23,,,,,,,,
2008-05-27,,,,,,,,
2008-05-28,,,,,,,,
2008-05-29,,,,,,,,
2008-05-30,,,,,,,,
2008-06-02,,,,,,,,
2008-06-03,,,,,,,,
2008-06-04,,,,,,,,
2008-06-05,,,,,,,,
2008-06-06,,,,,,,,
2008-06-09,,,,,,,,
2008-06-10,,,,,,,,
2008-06-11,,,,,,,,
2008-06-12,,,,,,,,
2008-06-13,,,,,,,,
2008-06-16,,,,,,,,
2008-06-17,,,,,,,,
2008-06-18,,,,,,,,
2008-06-19,,,,,,,,
2008-06-20,,,,,,,,
2008-06-23,,,,,,,,
2008-06-24,,,,,,,,
2008-06-25,,,,,,,,
2008-06-26,,,,,,,,
2008-06-27,,,,,,,,
2008-06-30,,,,,,,,
2008-07-01,,,,,,,,
2008-07-02,,,,,,,,
2008-07-03,,,,,,,,
2008-07-07,,,,,,,,
2008-07-08,,,,,,,,
2008-07-09,,,,,,,,
2008-07-10,,,,,,,,
2008-07-11,,,,,,,,
2008-07-14,,,,,,,,
2008-07-15,,,,,,,,
2008-07-16,,,,,,,,
2008-07-17,,,,,,,,
2008-07-18,,,,,,,,
2008-07-21,,,,,,,,
2008-07-22,,,,,,,,
2008-07-23,,,,,,,,
2008-07-24,,,,,,,,
2008-07-25,,,,,,,,
2008-07-28,,,,,,,,
2008-07-29,,,,,,,,
2008-07-30,,,,,,,,
2008-07-31,,,,,,,,
2008-08-01,,,,,,,,
2008-08-04,,,,,,,,
2008-08-05,,,,,,,,
2008-08-06,,,,,,,,
2008-08-07,,,,,,,,
2008-08-08,,,,,,,,
2008-08-11,,,,,,,,
2008-08-12,,,,,,,,
2008-08-13,,,,,,,,
2008-08-14,,,,,,,,
2008-08-15,,,,,,,,
2008-08-18,,,,,,,,
2008-08-19,,,,,,,,
2008-08-20,,,,,,,,
2008-08-21,,,,,,,,
2008-08-22,,,,,,,,
2008-08-25,,,,,,,,
2008-08-26,,,,,,,,
2008-08-27,,,,,,,,
2008-08-28,,,,,,,,
2008-08-29,,,,,,,,
2008-09-02,,,,,,,,
2008-09-03,,,,,,,,
2008-09-04,,,,,,,,
2008-09-05,,,,,,,,
2008-09-08,,,,,,,,
2008-09-09,,,,,,,,
2008-09-10,,,,,,,,
2008-09-11,,,,,,,,
2008-09-12,,,,,,,,
2008-09-15,,,,,,,,
2008-09-16,,,,,,,,
2008-09-17,,,,,,,,
2008-09-18,,,,,,,,
2008-09-19,,,,,,,,
2008-09-22,,,,,,,,
2008-09-23,,,,,,,,
2008-09-24,,,,,,,,
2008-09-25,,,,,,,,
2008-09-26,,,,,,,,
2008-09-29,,,,,,,,
2008-09-30,,,,,,,,
2008-10-01,,,,,,,,
2008-10-02,,,,,,,,
2008-10-03,,,,,,,,
2008-10-06,,,,,,,,
2008-10-07,,,,,,,,
2008-10-08,,,,,,,,
2008-10-09,,,,,,,,
2008-10-10,,,,,,,,
2008-10-13,,,,,,,,
2008-10-14,,,,,,,,
2008-10-15,,,,,,,,
2008-10-16,,,,,,,,
2008-10-17,,,,,,,,
2008-10-20,,,,,,,,
2008-10-21,,,,,,,,
2008-10-22,,,,,,,,
2008-10-23,,,,,,,,
2008-10-24,,,,,,,,
2008-10-27,,,,,,,,
2008-10-28,,,,,,,,
2008-10-29,,,,,,,,
2008-10-30,,,,,,,,
2008-10-31,,,,,,,,
2008-11-03,,,,,,,,
2008-11-04,,,,,,,,
2008-11-05,,,,,,,,
2008-11-06,,,,,,,,
2008-11-07,,,,,,,,
2008-11-10,,,,,,,,
2008-11-11,,,,,,,,
2008-11-12,,,,,,,,
2008-11-13,,,,,,,,
2008-11-14,,,,,,,,
2008-11-17,,,,,,,,
2008-11-18,,,,,,,,
2008-11-19,,,,,,,,
2008-11-20,,,,,,,,
2008-11-21,,,,,,,,
2008-11-24,,,,,,,,
2008-11-25,,,,,,,,
2008-11-26,,,,,,,,
2008-11-28,,,,,,,,
2008-12-01,,,,,,,,
2008-12-02,,,,,,,,
2008-12-03,,,,,,,,
2008-12-04,,,,,,,,
2008-12-05,,,,,,,,
2008-12-08,,,,,,,,
2008-12-09,,,,,,,,
2008-12-10,,,,,,,,
2008-12-11,,,,,,,,
2008-12-12,,,,,,,,
2008-12-15,,,,,,,,
2008-12-16,,,,,,,,
2008-12-17,,,,,,,,
2008-12-18,,,,,,,,
2008-12-19,,,,,,,,
2008-12-22,,,,,,,,
2008-12-23,,,,,,,,
2008-12-24,,,,,,,,
2008-12-26,,,,,,,,
2008-12-29,,,,,,,,
2008-12-30,,,,,,,,
2008-12-31,,,,,,,,
2009-01-02,,,,,,,,
2009-01-05,,,,,,,,
2009-01-06,,,,,,,,
2009-01-07,,,,,,,,
2009-01-08,,,,,,,,
2009-01-09,,,,,,,,
2009-01-12,,,,,,,,
2009-01-13,,,,,,,,
2009-01-14,,,,,,,,
2009-01-15,,,,,,,,
2009-01-16,,,,,,,,
2009-01-20,,,,,,,,
2009-01-21,,,,,,,,
2009-01-22,,,,,,,,
2009-01-23,,,,,,,,
2009-01-26,,,,,,,,
2009-01-27,,,,,,,,
2009-01-28,,,,,,,,
2009-01-29,,,,,,,,
2009-01-30,,,,,,,,
2009-02-02,,,,,,,,
2009-02-03,,,,,,,,
2009-02-04,,,,,,,,
2009-02-05,,,,,,,,
2009-02-06,,,,,,,,
2009-02-09,,,,,,,,
2009-02-10,,,,,,,,
2009-02-11,,,,,,,,
2009-02-12,,,,,,,,
2009-02-13,,,,,,,,
2009-02-17,,,,,,,,
2009-02-18,,,,,,,,
2009-02-19,,,,,,,,
2009-02-20,,,,,,,,
2009-02-23,,,,,,,,
2009-02-24,,,,,,,,
2009-02-25,,,,,,,,
2009-02-26,,,,,,,,
2009-02-27,,,,,,,,
2009-03-02,,,,,,,,
2009-03-03,,,,,,,,
2009-03-04,,,,,,,,
2009-03-05,,,,,,,,
2009-03-06,,,,,,,,
2009-03-09,,,,,,,,
2009-03-10,,,,,,,,
2009-03-11,,,,,,,,
2009-03-12,,,,,,,,
2009-03-13,,,,,,,,
2009-03-16,,,,,,,,
2009-03-17,,,,,,,,
2009-03-18,,,,,,,,
2009-03-19,,,,,,,,
2009-03-20,,,,,,,,
2009-03-23,,,,,,,,
2009-03-24,,,,,,,,
2009-03-25,,,,,,,,
2009-03-26,,,,,,,,
2009-03-27,,,,,,,,
2009-03-30,,,,,,,,
2009-03-31,,,,,,,,
2009-04-01,,,,,,,,
2009-04-02,,,,,,,,
2009-04-03,,,,,,,,
2009-04-06,,,,,,,,
2009-04-07,,,,,,,,
2009-04-08,,,,,,,,
2009-04-09,,,,,,,,
2009-04-13,,,,,,,,
2009-04-14,,,,,,,,
2009-04-15,,,,,,,,
2009-04-16,,,,,,,,
2009-04-17,,,,,,,,
2009-04-20,,,,,,,,
2009-04-21,,,,,,,,
2009-04-22,,,,,,,,
2009-04-23,,,,,,,,
2009-04-24,,,,,,,,
2009-04-27,,,,,,,,
2009-04-28,,,,,,,,
2009-04-29,,,,,,,,
2009-04-30,,,,,,,,
2009-05-01,,,,,,,,
2009-05-04,,,,,,,,
2009-05-05,,,,,,,,
2009-05-06,,,,,,,,
2009-05-07,,,,,,,,
2009-05-08,,,,,,,,
2009-05-11,,,,,,,,
2009-05-12,,,,,,,,
2009-05-13,,,,,,,,
2009-05-14,,,,,,,,
2009-05-15,,,,,,,,
2009-05-18,,,,,,,,
2009-05-19,,,,,,,,
2009-05-20,,,,,,,,
2009-05-21,,,,,,,,
2009-05-22,,,,,,,,
2009-05-26,,,,,,,,
2009-05-27,,,,,,,,
2009-05-28,,,,,,,,
2009-05-29,,,,,,,,
2009-06-01,,,,,,,,
2009-06-02,,,,,,,,
2009-06-03,,,,,,,,
2009-06-04,,,,,,,,
2009-06-05,,,,,,,,
2009-06-08,,,,,,,,
2009-06-09,,,,,,,,
2009-06-10,,,,,,,,
2009-06-11,,,,,,,,
2009-06-12,,,,,,,,
2009-06-15,,,,,,,,
2009-06-16,,,,,,,,
2009-06-17,,,,,,,,
2009-06-18,,,,,,,,
2009-06-19,,,,,,,,
2009-06-22,,,,,,,,
2009-06-23,,,,,,,,
2009-06-24,,,,,,,,
2009-06-25,,,,,,,,
2009-06-26,,,,,,,,
2009-06-29,,,,,,,,
2009-06-30,,,,,,,,
2009-07-01,,,,,,,,
2009-07-02,,,,,,,,
2009-07-06,,,,,,,,
2009-07-07,,,,,,,,
2009-07-08,,,,,,,,
2009-07-09,,,,,,,,
2009-07-10,,,,,,,,
2009-07-13,,,,,,,,
2009-07-14,,,,,,,,
2009-07-15,,,,,,,,
2009-07-16,,,,,,,,
2009-07-17,,,,,,,,
2009-07-20,,,,,,,,
2009-07-21,,,,,,,,
2009-07-22,,,,,,,,
2009-07-23,,,,,,,,
2009-07-24,,,,,,,,
2009-07-27,,,,,,,,
2009-07-28,,,,,,,,
2009-07-29,,,,,,,,
2009-07-30,,,,,,,,
2009-07-31,,,,,,,,
2009-08-03,,,,,,,,
2009-08-04,,,,,,,,
2009-08-05,,,,,,,,
2009-08-06,,,,,,,,
2009-08-07,,,,,,,,
2009-08-10,,,,,,,,
2009-08-11,,,,,,,,
2009-08-12,,,,,,,,
2009-08-13,,,,,,,,
2009-08-14,,,,,,,,
2009-08-17,,,,,,,,
2009-08-18,,,,,,,,
2009-08-19,,,,,,,,
2009-08-20,,,,,,,,
2009-08-21,,,,,,,,
2009-08-24,,,,,,,,
2009-08-25,,,,,,,,
2009-08-26,,,,,,,,
2009-08-27,,,,,,,,
2009-08-28,,,,,,,,
2009-08-31,,,,,,,,
2009-09-01,,,,,,,,
2009-09-02,,,,,,,,
2009-09-03,,,,,,,,
2009-09-04,,,,,,,,
2009-09-08,,,,,,,,
2009-09-09,,,,,,,,
2009-09-10,,,,,,,,
2009-09-11,,,,,,,,
2009-09-14,,,,,,,,
2009-09-15,,,,,,,,
2009-09-16,,,,,,,,
2009-09-17,,,,,,,,
2009-09-18,,,,,,,,
2009-09-21,,,,,,,,
2009-09-22,,,,,,,,
2009-09-23,,,,,,,,
2009-09-24,,,,,,,,
2009-09-25,,,,,,,,
2009-09-28,,,,,,,,
2009-09-29,,,,,,,,
2009-09-30,,,,,,,,
2009-10-01,,,,,,,,
2009-10-02,,,,,,,,
2009-10-05,,,,,,,,
2009-10-06,,,,,,,,
2009-10-07,,,,,,,,
2009-10-08,,,,,,,,
2009-10-09,,,,,,,,
2009-10-12,,,,,,,,
2009-10-13,,,,,,,,
2009-10-14,,,,,,,,
2009-10-15,,,,,,,,
2009-10-16,,,,,,,,
2009-10-19,,,,,,,,
2009-10-20,,,,,,,,
2009-10-21,,,,,,,,
2009-10-22,,,,,,,,
2009-10-23,,,,,,,,
2009-10-26,,,,,,,,
2009-10-27,,,,,,,,
2009-10-28,,,,,,,,
2009-10-29,,,,,,,,
2009-10-30,,,,,,,,
2009-11-02,,,,,,,,
2009-11-03,,,,,,,,
2009-11-04,,,,,,,,
2009-11-05,,,,,,,,
2009-11-06,,,,,,,,
2009-11-09,,,,,,,,
2009-11-10,,,,,,,,
2009-11-11,,,,,,,,
2009-11-12,,,,,,,,
2009-11-13,,,,,,,,
2009-11-16,,,,,,,,
2009-11-17,,,,,,,,
2009-11-18,,,,,,,,
2009-11-19,,,,,,,,
2009-11-20,,,,,,,,
2009-11-23,,,,,,,,
2009-11-24,,,,,,,,
2009-11-25,,,,,,,,
2009-11-27,,,,,,,,
2009-11-30,,,,,,,,
2009-12-01,,,,,,,,
2009-12-02,,,,,,,,
2009-12-03,,,,,,,,
2009-12-04,,,,,,,,
2009-12-07,,,,,,,,
2009-12-08,,,,,,,,
2009-12-09,,,,,,,,
2009-12-10,,,,,,,,
2009-12-11,,,,,,,,
2009-12-14,,,,,,,,
2009-12-15,,,,,,,,
2009-12-16,,,,,,,,
2009-12-17,,,,,,,,
2009-12-18,,,,,,,,
2009-12-21,,,,,,,,
2009-12-22,,,,,,,,
2009-12-23,,,,,,,,
2009-12-24,,,,,,,,
2009-12-28,,,,,,,,
2009-12-29,,,,,,,,
2009-12-30,,,,,,,,
2009-12-31,,,,,,,,
2010-01-04,,,,,,,,
2010-01-05,,,,,,,,
2010-01-06,,,,,,,,
2010-01-07,,,,,,,,
2010-01-08,,,,,,,,
2010-01-11,,,,,,,,
2010-01-12,,,,,,,,
2010-01-13,,,,,,,,
2010-01-14,,,,,,,,
2010-01-15,,,,,,,,
2010-01-19,,,,,,,,
2010-01-20,,,,,,,,
2010-01-21,,,,,,,,
2010-01-22,,,,,,,,
2010-01-25,,,,,,,,
2010-01-26,,,,,,,,
2010-01-27,,,,,,,,
2010-01-28,,,,,,,,
2010-01-29,,,,,,,,
2010-02-01,,,,,,,,
2010-02-02,,,,,,,,
2010-02-03,,,,,,,,
2010-02-04,,,,,,,,
2010-02-05,,,,,,,,
2010-02-08,,,,,,,,
2010-02-09,,,,,,,,
2010-02-10,,,,,,,,
2010-02-11,,,,,,,,
2010-02-12,,,,,,,,
2010-02-16,,,,,,,,
2010-02-17,,,,,,,,
2010-02-18,,,,,,,,
2010-02-19,,,,,,,,
2010-02-22,,,,,,,,
2010-02-23,,,,,,,,
2010-02-24,,,,,,,,
2010-02-25,,,,,,,,
2010-02-26,,,,,,,,
2010-03-01,,,,,,,,
2010-03-02,,,,,,,,
2010-03-03,,,,,,,,
2010-03-04,,,,,,,,
2010-03-05,,,,,,,,
2010-03-08,,,,,,,,
2010-03-09,,,,,,,,
2010-03-10,,,,,,,,
2010-03-11,,,,,,,,
2010-03-12,,,,,,,,
2010-03-15,,,,,,,,
2010-03-16,,,,,,,,
2010-03-17,,,,,,,,
2010-03-18,,,,,,,,
2010-03-19,,,,,,,,
2010-03-22,,,,,,,,
2010-03-23,,,,,,,,
2010-03-24,,,,,,,,
2010-03-25,,,,,,,,
2010-03-26,,,,,,,,
2010-03-29,,,,,,,,
2010-03-30,,,,,,,,
2010-03-31,,,,,,,,
2010-04-01,,,,,,,,
2010-04-05,,,,,,,,
2010-04-06,,,,,,,,
2010-04-07,,,,,,,,
2010-04-08,,,,,,,,
2010-04-09,,,,,,,,
2010-04-12,,,,,,,,
2010-04-13,,,,,,,,
2010-04-14,,,,,,,,
2010-04-15,,,,,,,,
2010-04-16,,,,,,,,
2010-04-19,,,,,,,,
2010-04-20,,,,,,,,
2010-04-21,,,,,,,,
2010-04-22,,,,,,,,
2010-04-23,,,,,,,,
2010-04-26,,,,,,,,
2010-04-27,,,,,,,,
2010-04-28,,,,,,,,
2010-04-29,,,,,,,,
2010-04-30,,,,,,,,
2010-05-03,,,,,,,,
2010-05-04,,,,,,,,
2010-05-05,,,,,,,,
2010-05-06,,,,,,,,
2010-05-07,,,,,,,,
2010-05-10,,,,,,,,
2010-05-11,,,,,,,,
2010-05-12,,,,,,,,
2010-05-13,,,,,,,,
2010-05-14,,,,,,,,
2010-05-17,,,,,,,,
2010-05-18,,,,,,,,
2010-05-19,,,,,,,,
2010-05-20,,,,,,,,
2010-05-21,,,,,,,,
2010-05-24,,,,,,,,
2010-05-25,,,,,,,,
2010-05-26,,,,,,,,
2010-05-27,,,,,,,,
2010-05-28,,,,,,,,
2010-06-01,,,,,,,,
2010-06-02,,,,,,,,
2010-06-03,,,,,,,,
2010-06-04,,,,,,,,
2010-06-07,,,,,,,,
2010-06-08,,,,,,,,
2010-06-09,,,,,,,,
2010-06-10,,,,,,,,
2010-06-11,,,,,,,,
2010-06-14,,,,,,,,
2010-06-15,,,,,,,,
2010-06-16,,,,,,,,
2010-06-17,,,,,,,,
2010-06-18,,,,,,,,
2010-06-21,,,,,,,,
2010-06-22,,,,,,,,
2010-06-23,,,,,,,,
2010-06-24,,,,,,,,
2010-06-25,,,,,,,,
2010-06-28,,,,,,,,
2010-06-29,,,,,,,,
2010-06-30,,,,,,,,
2010-07-01,,,,,,,,
2010-07-02,,,,,,,,
2010-07-06,,,,,,,,
2010-07-07,,,,,,,,
2010-07-08,,,,,,,,
2010-07-09,,,,,,,,
2010-07-12,,,,,,,,
2010-07-13,,,,,,,,
2010-07-14,,,,,,,,
2010-07-15,,,,,,,,
2010-07-16,,,,,,,,
2010-07-19,,,,,,,,
2010-07-20,,,,,,,,
2010-07-21,,,,,,,,
2010-07-22,,,,,,,,
2010-07-23,,,,,,,,
2010-07-26,,,,,,,,
2010-07-27,,,,,,,,
2010-07-28,,,,,,,,
2010-07-29,,,,,,,,
2010-07-30,,,,,,,,
2010-08-02,,,,,,,,
2010-08-03,,,,,,,,
2010-08-04,,,,,,,,
2010-08-05,,,,,,,,
2010-08-06,,,,,,,,
2010-08-09,,,,,,,,
2010-08-10,,,,,,,,
2010-08-11,,,,,,,,
2010-08-12,,,,,,,,
2010-08-13,,,,,,,,
2010-08-16,,,,,,,,
2010-08-17,,,,,,,,
2010-08-18,,,,,,,,
2010-08-19,,,,,,,,
2010-08-20,,,,,,,,
2010-08-23,,,,,,,,
2010-08-24,,,,,,,,
2010-08-25,,,,,,,,
2010-08-26,,,,,,,,
2010-08-27,,,,,,,,
2010-08-30,,,,,,,,
2010-08-31,,,,,,,,
2010-09-01,,,,,,,,
2010-09-02,,,,,,,,
2010-09-03,,,,,,,,
2010-09-07,,,,,,,,
2010-09-08,,,,,,,,
2010-09-09,,,,,,,,
2010-09-10,,,,,,,,
2010-09-13,,,,,,,,
2010-09-14,,,,,,,,
2010-09-15,,,,,,,,
2010-09-16,,,,,,,,
2010-09-17,,,,,,,,
2010-09-20,,,,,,,,
2010-09-21,,,,,,,,
2010-09-22,,,,,,,,
2010-09-23,,,,,,,,
2010-09-24,,,,,,,,
2010-09-27,,,,,,,,
2010-09-28,,,,,,,,
2010-09-29,,,,,,,,
2010-09-30,,,,,,,,
2010-10-01,,,,,,,,
2010-10-04,,,,,,,,
2010-10-05,,,,,,,,
2010-10-06,,,,,,,,
2010-10-07,,,,,,,,
2010-10-08,,,,,,,,
2010-10-11,,,,,,,,
2010-10-12,,,,,,,,
2010-10-13,,,,,,,,
2010-10-14,,,,,,,,
2010-10-15,,,,,,,,
2010-10-18,,,,,,,,
2010-10-19,,,,,,,,
2010-10-20,,,,,,,,
2010-10-21,,,,,,,,
2010-10-22,,,,,,,,
2010-10-25,,,,,,,,
2010-10-26,,,,,,,,
2010-10-27,,,,,,,,
2010-10-28,,,,,,,,
2010-10-29,,,,,,,,
2010-11-01,,,,,,,,
2010-11-02,,,,,,,,
2010-11-03,,,,,,,,
2010-11-04,,,,,,,,
2010-11-05,,,,,,,,
2010-11-08,,,,,,,,
2010-11-09,,,,,,,,
2010-11-10,,,,,,,,
2010-11-11,,,,,,,,
2010-11-12,,,,,,,,
2010-11-15,,,,,,,,
2010-11-16,,,,,,,,
2010-11-17,,,,,,,,
2010-11-18,,,,,,,,
2010-11-19,,,,,,,,
2010-11-22,,,,,,,,
2010-11-23,,,,,,,,
2010-11-24,,,,,,,,
2010-11-26,,,,,,,,
2010-11-29,,,,,,,,
2010-11-30,,,,,,,,
2010-12-01,,,,,,,,
2010-12-02,,,,,,,,
2010-12-03,,,,,,,,
2010-12-06,,,,,,,,
2010-12-07,,,,,,,,
2010-12-08,,,,,,,,
2010-12-09,,,,,,,,
2010-12-10,,,,,,,,
2010-12-13,,,,,,,,
2010-12-14,,,,,,,,
2010-12-15,,,,,,,,
2010-12-16,,,,,,,,
2010-12-17,,,,,,,,
2010-12-20,,,,,,,,
2010-12-21,,,,,,,,
2010-12-22,,,,,,,,
2010-12-23,,,,,,,,
2010-12-27,,,,,,,,
2010-12-28,,,,,,,,
2010-12-29,,,,,,,,
2010-12-30,,,,,,,,
2010-12-31,,,,,,,,
2011-01-03,,,,,,,,
2011-01-04,,,,,,,,
2011-01-05,,,,,,,,
2011-01-06,,,,,,,,
2011-01-07,,,,,,,,
2011-01-10,,,,,,,,
2011-01-11,,,,,,,,
2011-01-12,,,,,,,,
2011-01-13,,,,,,,,
2011-01-14,,,,,,,,
2011-01-18,,,,,,,,
2011-01-19,,,,,,,,
2011-01-20,,,,,,,,
2011-01-21,,,,,,,,
2011-01-24,,,,,,,,
2011-01-25,,,,,,,,
2011-01-26,,,,,,,,
2011-01-27,,,,,,,,
2011-01-28,,,,,,,,
2011-01-31,,,,,,,,
2011-02-01,,,,,,,,
2011-02-02,,,,,,,,
2011-02-03,,,,,,,,
2011-02-04,,,,,,,,
2011-02-07,,,,,,,,
2011-02-08,,,,,,,,
2011-02-09,,,,,,,,
2011-02-10,,,,,,,,
2011-02-11,,,,,,,,
2011-02-14,,,,,,,,
2011-02-15,,,,,,,,
2011-02-16,,,,,,,,
2011-02-17,,,,,,,,
2011-02-18,,,,,,,,
2011-02-22,,,,,,,,
2011-02-23,,,,,,,,
2011-02-24,,,,,,,,
2011-02-25,,,,,,,,
2011-02-28,,,,,,,,
2011-03-01,,,,,,,,
2011-03-02,,,,,,,,
2011-03-03,,,,,,,,
2011-03-04,,,,,,,,
2011-03-07,,,,,,,,
2011-03-08,,,,,,,,
2011-03-09,,,,,,,,
2011-03-10,,,,,,,,
2011-03-11,,,,,,,,
2011-03-14,,,,,,,,
2011-03-15,,,,,,,,
2011-03-16,,,,,,,,
2011-03-17,,,,,,,,
2011-03-18,,,,,,,,
2011-03-21,,,,,,,,
2011-03-22,,,,,,,,
2011-03-23,,,,,,,,
2011-03-24,,,,,,,,
2011-03-25,,,,,,,,
2011-03-28,,,,,,,,
2011-03-29,,,,,,,,
2011-03-30,,,,,,,,
2011-03-31,,,,,,,,
2011-04-01,,,,,,,,
2011-04-04,,,,,,,,
2011-04-05,,,,,,,,
2011-04-06,,,,,,,,
2011-04-07,,,,,,,,
2011-04-08,,,,,,,,
2011-04-11,,,,,,,,
2011-04-12,,,,,,,,
2011-04-13,,,,,,,,
2011-04-14,,,,,,,,
2011-04-15,,,,,,,,
2011-04-18,,,,,,,,
2011-04-19,,,,,,,,
2011-04-20,,,,,,,,
2011-04-21,,,,,,,,
2011-04-25,,,,,,,,
2011-04-26,,,,,,,,
2011-04-27,,,,,,,,
2011-04-28,,,,,,,,
2011-04-29,,,,,,,,
2011-05-02,,,,,,,,
2011-05-03,,,,,,,,
2011-05-04,,,,,,,,
2011-05-05,,,,,,,,
2011-05-06,,,,,,,,
2011-05-09,,,,,,,,
2011-05-10,,,,,,,,
2011-05-11,,,,,,,,
2011-05-12,,,,,,,,
2011-05-13,,,,,,,,
2011-05-16,,,,,,,,
2011-05-17,,,,,,,,
2011-05-18,,,,,,,,
2011-05-19,,,,,,,,
2011-05-20,,,,,,,,
2011-05-23,,,,,,,,
2011-05-24,,,,,,,,
2011-05-25,,,,,,,,
2011-05-26,,,,,,,,
2011-05-27,,,,,,,,
2011-05-31,,,,,,,,
2011-06-01,,,,,,,,
2011-06-02,,,,,,,,
2011-06-03,,,,,,,,
2011-06-06,,,,,,,,
2011-06-07,,,,,,,,
2011-06-08,,,,,,,,
2011-06-09,,,,,,,,
2011-06-10,,,,,,,,
2011-06-13,,,,,,,,
2011-06-14,,,,,,,,
2011-06-15,,,,,,,,
2011-06-16,,,,,,,,
2011-06-17,,,,,,,,
2011-06-20,,,,,,,,
2011-06-21,,,,,,,,
2011-06-22,,,,,,,,
2011-06-23,,,,,,,,
2011-06-24,,,,,,,,
2011-06-27,,,,,,,,
2011-06-28,,,,,,,,
2011-06-29,,,,,,,,
2011-06-30,,,,,,,,
2011-07-01,,,,,,,,
2011-07-05,,,,,,,,
2011-07-06,,,,,,,,
2011-07-07,,,,,,,,
2011-07-08,,,,,,,,
2011-07-11,,,,,,,,
2011-07-12,,,,,,,,
2011-07-13,,,,,,,,
2011-07-14,,,,,,,,
2011-07-15,,,,,,,,
2011-07-18,,,,,,,,
2011-07-19,,,,,,,,
2011-07-20,,,,,,,,
2011-07-21,,,,,,,,
2011-07-22,,,,,,,,
2011-07-25,,,,,,,,
2011-07-26,,,,,,,,
2011-07-27,,,,,,,,
2011-07-28,,,,,,,,
2011-07-29,,,,,,,,
2011-08-01,,,,,,,,
2011-08-02,,,,,,,,
2011-08-03,,,,,,,,
2011-08-04,,,,,,,,
2011-08-05,,,,,,,,
2011-08-08,,,,,,,,
2011-08-09,,,,,,,,
2011-08-10,,,,,,,,
2011-08-11,,,,,,,,
2011-08-12,,,,,,,,
2011-08-15,,,,,,,,
2011-08-16,,,,,,,,
2011-08-17,,,,,,,,
2011-08-18,,,,,,,,
2011-08-19,,,,,,,,
2011-08-22,,,,,,,,
2011-08-23,,,,,,,,
2011-08-24,,,,,,,,
2011-08-25,,,,,,,,
2011-08-26,,,,,,,,
2011-08-29,,,,,,,,
2011-08-30,,,,,,,,
2011-08-31,,,,,,,,
2011-09-01,,,,,,,,
2011-09-02,,,,,,,,
2011-09-06,,,,,,,,
2011-09-07,,,,,,,,
2011-09-08,,,,,,,,
2011-09-09,,,,,,,,
2011-09-12,,,,,,,,
2011-09-13,,,,,,,,
2011-09-14,,,,,,,,
2011-09-15,,,,,,,,
2011-09-16,,,,,,,,
2011-09-19,,,,,,,,
2011-09-20,,,,,,,,
2011-09-21,,,,,,,,
2011-09-22,,,,,,,,
2011-09-23,,,,,,,,
2011-09-26,,,,,,,,
2011-09-27,,,,,,,,
2011-09-28,,,,,,,,
2011-09-29,,,,,,,,
2011-09-30,,,,,,,,
2011-10-03,,,,,,,,
2011-10-04,,,,,,,,
2011-10-05,,,,,,,,
2011-10-06,,,,,,,,
2011-10-07,,,,,,,,
2011-10-10,,,,,,,,
2011-10-11,,,,,,,,
2011-10-12,,,,,,,,
2011-10-13,,,,,,,,
2011-10-14,,,,,,,,
2011-10-17,,,,,,,,
2011-10-18,,,,,,,,
2011-10-19,,,,,,,,
2011-10-20,,,,,,,,
2011-10-21,,,,,,,,
2011-10-24,,,,,,,,
2011-10-25,,,,,,,,
2011-10-26,,,,,,,,
2011-10-27,,,,,,,,
2011-10-28,,,,,,,,
2011-10-31,,,,,,,,
2011-11-01,,,,,,,,
2011-11-02,,,,,,,,
2011-11-03,,,,,,,,
2011-11-04,,,,,,,,
2011-11-07,,,,,,,,
2011-11-08,,,,,,,,
2011-11-09,,,,,,,,
2011-11-10,,,,,,,,
2011-11-11,,,,,,,,
2011-11-14,,,,,,,,
2011-11-15,,,,,,,,
2011-11-16,,,,,,,,
2011-11-17,,,,,,,,
2011-11-18,,,,,,,,
2011-11-21,,,,,,,,
2011-11-22,,,,,,,,
2011-11-23,,,,,,,,
2011-11-25,,,,,,,,
2011-11-28,,,,,,,,
2011-11-29,,,,,,,,
2011-11-30,,,,,,,,
2011-12-01,,,,,,,,
2011-12-02,,,,,,,,
2011-12-05,,,,,,,,
2011-12-06,,,,,,,,
2011-12-07,,,,,,,,
2011-12-08,,,,,,,,
2011-12-09,,,,,,,,
2011-12-12,,,,,,,,
2011-12-13,,,,,,,,
2011-12-14,,,,,,,,
2011-12-15,,,,,,,,
2011-12-16,,,,,,,,
2011-12-19,,,,,,,,
2011-12-20,,,,,,,,
2011-12-21,,,,,,,,
2011-12-22,,,,,,,,
2011-12-23,,,,,,,,
2011-12-27,,,,,,,,
2011-12-28,,,,,,,,
2011-12-29,,,,,,,,
2011-12-30,,,,,,,,
2012-01-03,,,,,,,,
2012-01-04,,,,,,,,
2012-01-05,,,,,,,,
2012-01-06,,,,,,,,
2012-01-09,,,,,,,,
2012-01-10,,,,,,,,
2012-01-11,,,,,,,,
2012-01-12,,,,,,,,
2012-01-13,,,,,,,,
2012-01-17,,,,,,,,
2012-01-18,,,,,,,,
2012-01-19,,,,,,,,
2012-01-20,,,,,,,,
2012-01-23,,,,,,,,
2012-01-24,,,,,,,,
2012-01-25,,,,,,,,
2012-01-26,,,,,,,,
2012-01-27,,,,,,,,
2012-01-30,,,,,,,,
2012-01-31,,,,,,,,
2012-02-01,,,,,,,,
2012-02-02,,,,,,,,
2012-02-03,,,,,,,,
2012-02-06,,,,,,,,
2012-02-07,,,,,,,,
2012-02-08,,,,,,,,
2012-02-09,,,,,,,,
2012-02-10,,,,,,,,
2012-02-13,,,,,,,,
2012-02-14,,,,,,,,
2012-02-15,,,,,,,,
2012-02-16,,,,,,,,
2012-02-17,,,,,,,,
2012-02-21,,,,,,,,
2012-02-22,,,,,,,,
2012-02-23,,,,,,,,
2012-02-24,,,,,,,,
2012-02-27,,,,,,,,
2012-02-28,,,,,,,,
2012-02-29,,,,,,,,
2012-03-01,,,,,,,,
2012-03-02,,,,,,,,
2012-03-05,,,,,,,,
2012-03-06,,,,,,,,
2012-03-07,,,,,,,,
2012-03-08,,,,,,,,
2012-03-09,,,,,,,,
2012-03-12,,,,,,,,
2012-03-13,,,,,,,,
2012-03-14,,,,,,,,
2012-03-15,,,,,,,,
2012-03-16,,,,,,,,
2012-03-19,,,,,,,,
2012-03-20,,,,,,,,
2012-03-21,,,,,,,,
2012-03-22,,,,,,,,
2012-03-23,,,,,,,,
2012-03-26,,,,,,,,
2012-03-27,,,,,,,,
2012-03-28,,,,,,,,
2012-03-29,,,,,,,,
2012-03-30,,,,,,,,
2012-04-02,,,,,,,,
2012-04-03,,,,,,,,
2012-04-04,,,,,,,,
2012-04-05,,,,,,,,
2012-04-09,,,,,,,,
2012-04-10,,,,,,,,
2012-04-11,,,,,,,,
2012-04-12,,,,,,,,
2012-04-13,,,,,,,,
2012-04-16,,,,,,,,
2012-04-17,,,,,,,,
2012-04-18,,,,,,,,
2012-04-19,,,,,,,,
2012-04-20,,,,,,,,
2012-04-23,,,,,,,,
2012-04-24,,,,,,,,
2012-04-25,,,,,,,,
2012-04-26,,,,,,,,
2012-04-27,,,,,,,,
2012-04-30,,,,,,,,
2012-05-01,,,,,,,,
2012-05-02,,,,,,,,
2012-05-03,,,,,,,,
2012-05-04,,,,,,,,
2012-05-07,,,,,,,,
2012-05-08,,,,,,,,
2012-05-09,,,,,,,,
2012-05-10,,,,,,,,
2012-05-11,,,,,,,,
2012-05-14,,,,,,,,
2012-05-15,,,,,,,,
2012-05-16,,,,,,,,
2012-05-17,,,,,,,,
2012-05-18,,,,,,,,
2012-05-21,,,,,,,,
2012-05-22,,,,,,,,
2012-05-23,,,,,,,,
2012-05-24,,,,,,,,
2012-05-25,,,,,,,,
2012-05-29,,,,,,,,
2012-05-30,,,,,,,,
2012-05-31,,,,,,,,
2012-06-01,,,,,,,,
2012-06-04,,,,,,,,
2012-06-05,,,,,,,,
2012-06-06,,,,,,,,
2012-06-07,,,,,,,,
2012-06-08,,,,,,,,
2012-06-11,,,,,,,,
2012-06-12,,,,,,,,
2012-06-13,,,,,,,,
2012-06-14,,,,,,,,
2012-06-15,,,,,,,,
2012-06-18,,,,,,,,
2012-06-19,,,,,,,,
2012-06-20,,,,,,,,
2012-06-21,,,,,,,,
2012-06-22,,,,,,,,
2012-06-25,,,,,,,,
2012-06-26,,,,,,,,
2012-06-27,,,,,,,,
2012-06-28,,,,,,,,
2012-06-29,,,,,,,,
2012-07-02,,,,,,,,
2012-07-03,,,,,,,,
2012-07-05,,,,,,,,
2012-07-06,,,,,,,,
2012-07-09,,,,,,,,
2012-07-10,,,,,,,,
2012-07-11,,,,,,,,
2012-07-12,,,,,,,,
2012-07-13,,,,,,,,
2012-07-16,,,,,,,,
2012-07-17,,,,,,,,
2012-07-18,,,,,,,,
2012-07-19,,,,,,,,
2012-07-20,,,,,,,,
2012-07-23,,,,,,,,
2012-07-24,,,,,,,,
2012-07-25,,,,,,,,
2012-07-26,,,,,,,,
2012-07-27,,,,,,,,
2012-07-30,,,,,,,,
2012-07-31,,,,,,,,
2012-08-01,,,,,,,,
2012-08-02,,,,,,,,
2012-08-03,,,,,,,,
2012-08-06,,,,,,,,
2012-08-07,,,,,,,,
2012-08-08,,,,,,,,
2012-08-09,,,,,,,,
2012-08-10,,,,,,,,
2012-08-13,,,,,,,,
2012-08-14,,,,,,,,
2012-08-15,,,,,,,,
2012-08-16,,,,,,,,
2012-08-17,,,,,,,,
2012-08-20,,,,,,,,
2012-08-21,,,,,,,,
2012-08-22,,,,,,,,
2012-08-23,,,,,,,,
2012-08-24,,,,,,,,
2012-08-27,,,,,,,,
2012-08-28,,,,,,,,
2012-08-29,,,,,,,,
2012-08-30,,,,,,,,
2012-08-31,,,,,,,,
2012-09-04,,,,,,,,
2012-09-05,,,,,,,,
2012-09-06,,,,,,,,
2012-09-07,,,,,,,,
2012-09-10,,,,,,,,
2012-09-11,,,,,,,,
2012-09-12,,,,,,,,
2012-09-13,,,,,,,,
2012-09-14,,,,,,,,
2012-09-17,,,,,,,,
2012-09-18,,,,,,,,
2012-09-19,,,,,,,,
2012-09-20,,,,,,,,
2012-09-21,,,,,,,,
2012-09-24,,,,,,,,
2012-09-25,,,,,,,,
2012-09-26,,,,,,,,
2012-09-27,,,,,,,,
2012-09-28,,,,,,,,
2012-10-01,,,,,,,,
2012-10-02,,,,,,,,
2012-10-03,,,,,,,,
2012-10-04,,,,,,,,
2012-10-05,,,,,,,,
2012-10-08,,,,,,,,
2012-10-09,,,,,,,,
2012-10-10,,,,,,,,
2012-10-11,,,,,,,,
2012-10-12,,,,,,,,
2012-10-15,,,,,,,,
2012-10-16,,,,,,,,
2012-10-17,,,,,,,,
2012-10-18,,,,,,,,
2012-10-19,,,,,,,,
2012-10-22,,,,,,,,
2012-10-23,,,,,,,,
2012-10-24,,,,,,,,
2012-10-25,,,,,,,,
2012-10-26,,,,,,,,
2012-10-31,,,,,,,,
2012-11-01,,,,,,,,
2012-11-02,,,,,,,,
2012-11-05,,,,,,,,
2012-11-06,,,,,,,,
2012-11-07,,,,,,,,
2012-11-08,,,,,,,,
2012-11-09,,,,,,,,
2012-11-12,,,,,,,,
2012-11-13,,,,,,,,
2012-11-14,,,,,,,,
2012-11-15,,,,,,,,
2012-11-16,,,,,,,,
2012-11-19,,,,,,,,
2012-11-20,,,,,,,,
2012-11-21,,,,,,,,
2012-11-23,,,,,,,,
2012-11-26,,,,,,,,
2012-11-27,,,,,,,,
2012-11-28,,,,,,,,
2012-11-29,,,,,,,,
2012-11-30,,,,,,,,
2012-12-03,,,,,,,,
2012-12-04,,,,,,,,
2012-12-05,,,,,,,,
2012-12-06,,,,,,,,
2012-12-07,,,,,,,,
2012-12-10,,,,,,,,
2012-12-11,,,,,,,,
2012-12-12,,,,,,,,
2012-12-13,,,,,,,,
2012-12-14,,,,,,,,
2012-12-17,,,,,,,,
2012-12-18,,,,,,,,
2012-12-19,,,,,,,,
2012-12-20,,,,,,,,
2012-12-21,,,,,,,,
2012-12-24,,,,,,,,
2012-12-26,,,,,,,,
2012-12-27,,,,,,,,
2012-12-28,,,,,,,,
2012-12-31,,,,,,,,
2013-01-02,,,,,,,,
2013-01-03,,,,,,,,
2013-01-04,,,,,,,,
2013-01-07,,,,,,,,
2013-01-08,,,,,,,,
2013-01-09,,,,,,,,
2013-01-10,,,,,,,,
2013-01-11,,,,,,,,
2013-01-14,,,,,,,,
2013-01-15,,,,,,,,
2013-01-16,,,,,,,,
2013-01-17,,,,,,,,
2013-01-18,,,,,,,,
2013-01-22,,,,,,,,
2013-01-23,,,,,,,,
2013-01-24,,,,,,,,
2013-01-25,,,,,,,,
2013-01-28,,,,,,,,
2013-01-29,,,,,,,,
2013-01-30,,,,,,,,
2013-01-31,,,,,,,,
2013-02-01,,,,,,,,
2013-02-04,,,,,,,,
2013-02-05,,,,,,,,
2013-02-06,,,,,,,,
2013-02-07,,,,,,,,
2013-02-08,,,,,,,,
2013-02-11,,,,,,,,
2013-02-12,,,,,,,,
2013-02-13,,,,,,,,
2013-02-14,,,,,,,,
2013-02-15,,,,,,,,
2013-02-19,,,,,,,,
2013-02-20,,,,,,,,
2013-02-21,,,,,,,,
2013-02-22,,,,,,,,
2013-02-25,,,,,,,,
2013-02-26,,,,,,,,
2013-02-27,,,,,,,,
2013-02-28,,,,,,,,
2013-03-01,,,,,,,,
2013-03-04,,,,,,,,
2013-03-05,,,,,,,,
2013-03-06,,,,,,,,
2013-03-07,,,,,,,,
2013-03-08,,,,,,,,
2013-03-11,,,,,,,,
2013-03-12,,,,,,,,
2013-03-13,,,,,,,,
2013-03-14,,,,,,,,
2013-03-15,,,,,,,,
2013-03-18,,,,,,,,
2013-03-19,,,,,,,,
2013-03-20,,,,,,,,
2013-03-21,,,,,,,,
2013-03-22,,,,,,,,
2013-03-25,,,,,,,,
2013-03-26,,,,,,,,
2013-03-27,,,,,,,,
2013-03-28,,,,,,,,
2013-04-01,,,,,,,,
2013-04-02,,,,,,,,
2013-04-03,,,,,,,,
2013-04-04,,,,,,,,
2013-04-05,,,,,,,,
2013-04-08,,,,,,,,
2013-04-09,,,,,,,,
2013-04-10,,,,,,,,
2013-04-11,,,,,,,,
2013-04-12,,,,,,,,
2013-04-15,,,,,,,,
2013-04-16,,,,,,,,
2013-04-17,,,,,,,,
2013-04-18,,,,,,,,
2013-04-19,,,,,,,,
2013-04-22,,,,,,,,
2013-04-23,,,,,,,,
2013-04-24,,,,,,,,
2013-04-25,,,,,,,,
2013-04-26,,,,,,,,
2013-04-29,,,,,,,,
2013-04-30,,,,,,,,
2013-05-01,,,,,,,,
2013-05-02,,,,,,,,
2013-05-03,,,,,,,,
2013-05-06,,,,,,,,
2013-05-07,,,,,,,,
2013-05-08,,,,,,,,
2013-05-09,,,,,,,,
2013-05-10,,,,,,,,
2013-05-13,,,,,,,,
2013-05-14,,,,,,,,
2013-05-15,,,,,,,,
2013-05-16,,,,,,,,
2013-05-17,,,,,,,,
2013-05-20,,,,,,,,
2013-05-21,,,,,,,,
2013-05-22,,,,,,,,
2013-05-23,,,,,,,,
2013-05-24,,,,,,,,
2013-05-28,,,,,,,,
2013-05-29,,,,,,,,
2013-05-30,,,,,,,,
2013-05-31,,,,,,,,
2013-06-03,,,,,,,,
2013-06-04,,,,,,,,
2013-06-05,,,,,,,,
2013-06-06,,,,,,,,
2013-06-07,,,,,,,,
2013-06-10,,,,,,,,
2013-06-11,,,,,,,,
2013-06-12,,,,,,,,
2013-06-13,,,,,,,,
2013-06-14,,,,,,,,
2013-06-17,,,,,,,,
2013-06-18,,,,,,,,
2013-06-19,,,,,,,,
2013-06-20,,,,,,,,
2013-06-21,,,,,,,,
2013-06-24,,,,,,,,
2013-06-25,,,,,,,,
2013-06-26,,,,,,,,
2013-06-27,,,,,,,,
2013-06-28,,,,,,,,
2013-07-01,,,,,,,,
2013-07-02,,,,,,,,
2013-07-03,,,,,,,,
2013-07-05,,,,,,,,
2013-07-08,,,,,,,,
2013-07-09,,,,,,,,
2013-07-10,,,,,,,,
2013-07-11,,,,,,,,
2013-07-12,,,,,,,,
2013-07-15,,,,,,,,
2013-07-16,,,,,,,,
2013-07-17,,,,,,,,
2013-07-18,,,,,,,,
2013-07-19,,,,,,,,
2013-07-22,,,,,,,,
2013-07-23,,,,,,,,
2013-07-24,,,,,,,,
2013-07-25,,,,,,,,
2013-07-26,,,,,,,,
2013-07-29,,,,,,,,
2013-07-30,,,,,,,,
2013-07-31,,,,,,,,
2013-08-01,,,,,,,,
2013-08-02,,,,,,,,
2013-08-05,,,,,,,,
2013-08-06,,,,,,,,
2013-08-07,,,,,,,,
2013-08-08,,,,,,,,
2013-08-09,,,,,,,,
2013-08-12,,,,,,,,
2013-08-13,,,,,,,,
2013-08-14,,,,,,,,
2013-08-15,,,,,,,,
2013-08-16,,,,,,,,
2013-08-19,,,,,,,,
2013-08-20,,,,,,,,
2013-08-21,,,,,,,,
2013-08-22,,,,,,,,
2013-08-23,,,,,,,,
2013-08-26,,,,,,,,
2013-08-27,,,,,,,,
2013-08-28,,,,,,,,
2013-08-29,,,,,,,,
2013-08-30,,,,,,,,
2013-09-03,,,,,,,,
2013-09-04,,,,,,,,
2013-09-05,,,,,,,,
2013-09-06,,,,,,,,
2013-09-09,,,,,,,,
2013-09-10,,,,,,,,
2013-09-11,,,,,,,,
2013-09-12,,,,,,,,
2013-09-13,,,,,,,,
2013-09-16,,,,,,,,
2013-09-17,,,,,,,,
2013-09-18,,,,,,,,
2013-09-19,,,,,,,,
2013-09-20,,,,,,,,
2013-09-23,,,,,,,,
2013-09-24,,,,,,,,
2013-09-25,,,,,,,,
2013-09-26,,,,,,,,
2013-09-27,,,,,,,,
2013-09-30,,,,,,,,
2013-10-01,,,,,,,,
2013-10-02,,,,,,,,
2013-10-03,,,,,,,,
2013-10-04,,,,,,,,
2013-10-07,,,,,,,,
2013-10-08,,,,,,,,
2013-10-09,,,,,,,,
2013-10-10,,,,,,,,
2013-10-11,,,,,,,,
2013-10-14,,,,,,,,
2013-10-15,,,,,,,,
2013-10-16,,,,,,,,
2013-10-17,,,,,,,,
2013-10-18,,,,,,,,
2013-10-21,,,,,,,,
2013-10-22,,,,,,,,
2013-10-23,,,,,,,,
2013-10-24,,,,,,,,
2013-10-25,,,,,,,,
2013-10-28,,,,,,,,
2013-10-29,,,,,,,,
2013-10-30,,,,,,,,
2013-10-31,,,,,,,,
2013-11-01,,,,,,,,
2013-11-04,,,,,,,,
2013-11-05,,,,,,,,
2013-11-06,,,,,,,,
2013-11-07,,,,,,,,
2013-11-08,,,,,,,,
2013-11-11,,,,,,,,
2013-11-12,,,,,,,,
2013-11-13,,,,,,,,
2013-11-14,,,,,,,,
2013-11-15,,,,,,,,
2013-11-18,,,,,,,,
2013-11-19,,,,,,,,
2013-11-20,,,,,,,,
2013-11-21,,,,,,,,
2013-11-22,,,,,,,,
2013-11-25,,,,,,,,
2013-11-26,,,,,,,,
2013-11-27,,,,,,,,
2013-11-29,,,,,,,,
2013-12-02,,,,,,,,
2013-12-03,,,,,,,,
2013-12-04,,,,,,,,
2013-12-05,,,,,,,,
2013-12-06,,,,,,,,
2013-12-09,,,,,,,,
2013-12-10,,,,,,,,
2013-12-11,,,,,,,,
2013-12-12,,,,,,,,
2013-12-13,,,,,,,,
2013-12-16,,,,,,,,
2013-12-17,,,,,,,,
2013-12-18,,,,,,,,
2013-12-19,,,,,,,,
2013-12-20,,,,,,,,
2013-12-23,,,,,,,,
2013-12-24,,,,,,,,
2013-12-26,,,,,,,,
2013-12-27,,,,,,,,
2013-12-30,,,,,,,,
2013-12-31,,,,,,,,
2014-01-02,,,,,,,,
2014-01-03,,,,,,,,
2014-01-06,,,,,,,,
2014-01-07,,,,,,,,
2014-01-08,,,,,,,,
2014-01-09,,,,,,,,
2014-01-10,,,,,,,,
2014-01-13,,,,,,,,
2014-01-14,,,,,,,,
2014-01-15,,,,,,,,
2014-01-16,,,,,,,,
2014-01-17,,,,,,,,
2014-01-21,,,,,,,,
2014-01-22,,,,,,,,
2014-01-23,,,,,,,,
2014-01-24,,,,,,,,
2014-01-27,,,,,,,,
2014-01-28,,,,,,,,
2014-01-29,,,,,,,,
2014-01-30,,,,,,,,
2014-01-31,,,,,,,,
2014-02-03,,,,,,,,
2014-02-04,,,,,,,,
2014-02-05,,,,,,,,
2014-02-06,,,,,,,,
2014-02-07,,,,,,,,
2014-02-10,,,,,,,,
2014-02-11,,,,,,,,
2014-02-12,,,,,,,,
2014-02-13,,,,,,,,
2014-02-14,,,,,,,,
2014-02-18,,,,,,,,
2014-02-19,,,,,,,,
2014-02-20,,,,,,,,
2014-02-21,,,,,,,,
2014-02-24,,,,,,,,
2014-02-25,,,,,,,,
2014-02-26,,,,,,,,
2014-02-27,,,,,,,,
2014-02-28,,,,,,,,
2014-03-03,,,,,,,,
2014-03-04,,,,,,,,
2014-03-05,,,,,,,,
2014-03-06,,,,,,,,
2014-03-07,,,,,,,,
2014-03-10,,,,,,,,
2014-03-11,,,,,,,,
2014-03-12,,,,,,,,
2014-03-13,,,,,,,,
2014-03-14,,,,,,,,
2014-03-17,,,,,,,,
2014-03-18,,,,,,,,
2014-03-19,,,,,,,,
2014-03-20,,,,,,,,
2014-03-21,,,,,,,,
2014-03-24,,,,,,,,
2014-03-25,,,,,,,,
2014-03-26,,,,,,,,
2014-03-27,,,,,,,,
2014-03-28,,,,,,,,
2014-03-31,,,,,,,,
2014-04-01,,,,,,,,
2014-04-02,,,,,,,,
2014-04-03,,,,,,,,
2014-04-04,,,,,,,,
2014-04-07,,,,,,,,
2014-04-08,,,,,,,,
2014-04-09,,,,,,,,
2014-04-10,,,,,,,,
2014-04-11,,,,,,,,
2014-04-14,,,,,,,,
2014-04-15,,,,,,,,
2014-04-16,,,,,,,,
2014-04-17,,,,,,,,
2014-04-21,,,,,,,,
2014-04-22,,,,,,,,
2014-04-23,,,,,,,,
2014-04-24,,,,,,,,
2014-04-25,,,,,,,,
2014-04-28,,,,,,,,
2014-04-29,,,,,,,,
2014-04-30,,,,,,,,
2014-05-01,,,,,,,,
2014-05-02,,,,,,,,
2014-05-05,,,,,,,,
2014-05-06,,,,,,,,
2014-05-07,,,,,,,,
2014-05-08,,,,,,,,
2014-05-09,,,,,,,,
2014-05-12,,,,,,,,
2014-05-13,,,,,,,,
2014-05-14,,,,,,,,
2014-05-15,,,,,,,,
2014-05-16,,,,,,,,
2014-05-19,,,,,,,,
2014-05-20,,,,,,,,
2014-05-21,,,,,,,,
2014-05-22,,,,,,,,
2014-05-23,,,,,,,,
2014-05-27,,,,,,,,
2014-05-28,,,,,,,,
2014-05-29,,,,,,,,
2014-05-30,,,,,,,,
2014-06-02,,,,,,,,
2014-06-03,,,,,,,,
2014-06-04,,,,,,,,
2014-06-05,,,,,,,,
2014-06-06,,,,,,,,
2014-06-09,,,,,,,,
2014-06-10,,,,,,,,
2014-06-11,,,,,,,,
2014-06-12,,,,,,,,
2014-06-13,,,,,,,,
2014-06-16,,,,,,,,
2014-06-17,,,,,,,,
2014-06-18,,,,,,,,
2014-06-19,,,,,,,,
2014-06-20,,,,,,,,
2014-06-23,,,,,,,,
2014-06-24,,,,,,,,
2014-06-25,,,,,,,,
2014-06-26,,,,,,,,
2014-06-27,,,,,,,,
2014-06-30,,,,,,,,
2014-07-01,,,,,,,,
2014-07-02,,,,,,,,
2014-07-03,,,,,,,,
2014-07-07,,,,,,,,
2014-07-08,,,,,,,,
2014-07-09,,,,,,,,
2014-07-10,,,,,,,,
2014-07-11,,,,,,,,
2014-07-14,,,,,,,,
2014-07-15,,,,,,,,
2014-07-16,,,,,,,,
2014-07-17,,,,,,,,
2014-07-18,,,,,,,,
2014-07-21,,,,,,,,
2014-07-22,,,,,,,,
2014-07-23,,,,,,,,
2014-07-24,,,,,,,,
2014-07-25,,,,,,,,
2014-07-28,,,,,,,,
2014-07-29,,,,,,,,
2014-07-30,,,,,,,,
2014-07-31,,,,,,,,
2014-08-01,,,,,,,,
2014-08-04,,,,,,,,
2014-08-05,,,,,,,,
2014-08-06,,,,,,,,
2014-08-07,,,,,,,,
2014-08-08,,,,,,,,
2014-08-11,,,,,,,,
2014-08-12,,,,,,,,
2014-08-13,,,,,,,,
2014-08-14,,,,,,,,
2014-08-15,,,,,,,,
2014-08-18,,,,,,,,
2014-08-19,,,,,,,,
2014-08-20,,,,,,,,
2014-08-21,,,,,,,,
2014-08-22,,,,,,,,
2014-08-25,,,,,,,,
2014-08-26,,,,,,,,
2014-08-27,,,,,,,,
2014-08-28,,,,,,,,
2014-08-29,,,,,,,,
2014-09-02,,,,,,,,
2014-09-03,,,,,,,,
2014-09-04,,,,,,,,
2014-09-05,,,,,,,,
2014-09-08,,,,,,,,
2014-09-09,,,,,,,,
2014-09-10,,,,,,,,
2014-09-11,,,,,,,,
2014-09-12,,,,,,,,
2014-09-15,,,,,,,,
2014-09-16,,,,,,,,
2014-09-17,,,,,,,,
2014-09-18,,,,,,,,
2014-09-19,,,,,,,,
2014-09-22,,,,,,,,
2014-09-23,,,,,,,,
2014-09-24,,,,,,,,
2014-09-25,,,,,,,,
2014-09-26,,,,,,,,
2014-09-29,,,,,,,,
2014-09-30,,,,,,,,
2014-10-01,,,,,,,,
2014-10-02,,,,,,,,
2014-10-03,,,,,,,,
2014-10-06,,,,,,,,
2014-10-07,,,,,,,,
2014-10-08,,,,,,,,
2014-10-09,,,,,,,,
2014-10-10,,,,,,,,
2014-10-13,,,,,,,,
2014-10-14,,,,,,,,
2014-10-15,,,,,,,,
2014-10-16,,,,,,,,
2014-10-17,,,,,,,,
2014-10-20,,,,,,,,
2014-10-21,,,,,,,,
2014-10-22,,,,,,,,
2014-10-23,,,,,,,,
2014-10-24,,,,,,,,
2014-10-27,,,,,,,,
2014-10-28,,,,,,,,
2014-10-29,,,,,,,,
2014-10-30,,,,,,,,
2014-10-31,,,,,,,,
2014-11-03,,,,,,,,
2014-11-04,,,,,,,,
2014-11-05,,,,,,,,
2014-11-06,,,,,,,,
2014-11-07,,,,,,,,
2014-11-10,,,,,,,,
2014-11-11,,,,,,,,
2014-11-12,,,,,,,,
2014-11-13,,,,,,,,
2014-11-14,,,,,,,,
2014-11-17,,,,,,,,
2014-11-18,,,,,,,,
2014-11-19,,,,,,,,
2014-11-20,,,,,,,,
2014-11-21,,,,,,,,
2014-11-24,,,,,,,,
2014-11-25,,,,,,,,
2014-11-26,,,,,,,,
2014-11-28,,,,,,,,
2014-12-01,,,,,,,,
2014-12-02,,,,,,,,
2014-12-03,,,,,,,,
2014-12-04,,,,,,,,
2014-12-05,,,,,,,,
2014-12-08,,,,,,,,
2014-12-09,,,,,,,,
2014-12-10,,,,,,,,
2014-12-11,,,,,,,,
2014-12-12,,,,,,,,
2014-12-15,,,,,,,,
2014-12-16,,,,,,,,
2014-12-17,,,,,,,,
2014-12-18,,,,,,,,
2014-12-19,,,,,,,,
2014-12-22,,,,,,,,
2014-12-23,,,,,,,,
2014-12-24,,,,,,,,
2014-12-26,,,,,,,,
2014-12-29,,,,,,,,
2014-12-30,,,,,,,,
2014-12-31,,,,,,,,
2015-01-02,,,,,,,,
2015-01-05,,,,,,,,
2015-01-06,,,,,,,,
2015-01-07,,,,,,,,
2015-01-08,,,,,,,,
2015-01-09,,,,,,,,
2015-01-12,,,,,,,,
2015-01-13,,,,,,,,
2015-01-14,,,,,,,,
2015-01-15,,,,,,,,
2015-01-16,,,,,,,,
2015-01-20,,,,,,,,
2015-01-21,,,,,,,,
2015-01-22,,,,,,,,
2015-01-23,,,,,,,,
2015-01-26,,,,,,,,
2015-01-27,,,,,,,,
2015-01-28,,,,,,,,
2015-01-29,,,,,,,,
2015-01-30,,,,,,,,
2015-02-02,,,,,,,,
2015-02-03,,,,,,,,
2015-02-04,,,,,,,,
2015-02-05,,,,,,,,
2015-02-06,,,,,,,,
2015-02-09,,,,,,,,
2015-02-10,,,,,,,,
2015-02-11,,,,,,,,
2015-02-12,,,,,,,,
2015-02-13,,,,,,,,
2015-02-17,,,,,,,,
2015-02-18,,,,,,,,
2015-02-19,,,,,,,,
2015-02-20,,,,,,,,
2015-02-23,,,,,,,,
2015-02-24,,,,,,,,
2015-02-25,,,,,,,,
2015-02-26,,,,,,,,
2015-02-27,,,,,,,,
2015-03-02,,,,,,,,
2015-03-03,,,,,,,,
2015-03-04,,,,,,,,
2015-03-05,,,,,,,,
2015-03-06,,,,,,,,
2015-03-09,,,,,,,,
2015-03-10,,,,,,,,
2015-03-11,,,,,,,,
2015-03-12,,,,,,,,
2015-03-13,,,,,,,,
2015-03-16,,,,,,,,
2015-03-17,,,,,,,,
2015-03-18,,,,,,,,
2015-03-19,,,,,,,,
2015-03-20,,,,,,,,
2015-03-23,,,,,,,,
2015-03-24,,,,,,,,
2015-03-25,,,,,,,,
2015-03-26,,,,,,,,
2015-03-27,,,,,,,,
2015-03-30,,,,,,,,
2015-03-31,,,,,,,,
2015-04-01,,,,,,,,
2015-04-02,,,,,,,,
2015-04-06,,,,,,,,
2015-04-07,,,,,,,,
2015-04-08,,,,,,,,
2015-04-09,,,,,,,,
2015-04-10,,,,,,,,
2015-04-13,,,,,,,,
2015-04-14,,,,,,,,
2015-04-15,,,,,,,,
2015-04-16,,,,,,,,
2015-04-17,,,,,,,,
2015-04-20,,,,,,,,
2015-04-21,,,,,,,,
2015-04-22,,,,,,,,
2015-04-23,,,,,,,,
2015-04-24,,,,,,,,
2015-04-27,,,,,,,,
2015-04-28,,,,,,,,
2015-04-29,,,,,,,,
2015-04-30,,,,,,,,
2015-05-01,,,,,,,,
2015-05-04,,,,,,,,
2015-05-05,,,,,,,,
2015-05-06,,,,,,,,
2015-05-07,,,,,,,,
2015-05-08,,,,,,,,
2015-05-11,,,,,,,,
2015-05-12,,,,,,,,
2015-05-13,,,,,,,,
2015-05-14,,,,,,,,
2015-05-15,,,,,,,,
2015-05-18,,,,,,,,
2015-05-19,,,,,,,,
2015-05-20,,,,,,,,
2015-05-21,,,,,,,,
2015-05-22,,,,,,,,
2015-05-26,,,,,,,,
2015-05-27,,,,,,,,
2015-05-28,,,,,,,,
2015-05-29,,,,,,,,
2015-06-01,,,,,,,,
2015-06-02,,,,,,,,
2015-06-03,,,,,,,,
2015-06-04,,,,,,,,
2015-06-05,,,,,,,,
2015-06-08,,,,,,,,
2015-06-09,,,,,,,,
2015-06-10,,,,,,,,
2015-06-11,,,,,,,,
2015-06-12,,,,,,,,
2015-06-15,,,,,,,,
2015-06-16,,,,,,,,
2015-06-17,,,,,,,,
2015-06-18,,,,,,,,
2015-06-19,,,,,,,,
2015-06-22,,,,,,,,
2015-06-23,,,,,,,,
2015-06-24,,,,,,,,
2015-06-25,,,,,,,,
2015-06-26,,,,,,,,
2015-06-29,,,,,,,,
2015-06-30,,,,,,,,
2015-07-01,,,,,,,,
2015-07-02,,,,,,,,
2015-07-06,,,,,,,,
2015-07-07,,,,,,,,
2015-07-08,,,,,,,,
2015-07-09,,,,,,,,
2015-07-10,,,,,,,,
2015-07-13,,,,,,,,
2015-07-14,,,,,,,,
2015-07-15,,,,,,,,
2015-07-16,,,,,,,,
2015-07-17,,,,,,,,
2015-07-20,,,,,,,,
2015-07-21,,,,,,,,
2015-07-22,,,,,,,,
2015-07-23,,,,,,,,
2015-07-24,,,,,,,,
2015-07-27,,,,,,,,
2015-07-28,,,,,,,,
2015-07-29,,,,,,,,
2015-07-30,,,,,,,,
2015-07-31,,,,,,,,
2015-08-03,,,,,,,,
2015-08-04,,,,,,,,
2015-08-05,,,,,,,,
2015-08-06,,,,,,,,
2015-08-07,,,,,,,,
2015-08-10,,,,,,,,
2015-08-11,,,,,,,,
2015-08-12,,,,,,,,
2015-08-13,,,,,,,,
2015-08-14,,,,,,,,
2015-08-17,,,,,,,,
2015-08-18,,,,,,,,
2015-08-19,,,,,,,,
2015-08-20,,,,,,,,
2015-08-21,,,,,,,,
2015-08-24,,,,,,,,
2015-08-25,,,,,,,,
2015-08-26,,,,,,,,
2015-08-27,,,,,,,,
2015-08-28,,,,,,,,
2015-08-31,,,,,,,,
2015-09-01,,,,,,,,
2015-09-02,,,,,,,,
2015-09-03,,,,,,,,
2015-09-04,,,,,,,,
2015-09-08,,,,,,,,
2015-09-09,,,,,,,,
2015-09-10,,,,,,,,
2015-09-11,,,,,,,,
2015-09-14,,,,,,,,
2015-09-15,,,,,,,,
2015-09-16,,,,,,,,
2015-09-17,,,,,,,,
2015-09-18,,,,,,,,
2015-09-21,,,,,,,,
2015-09-22,,,,,,,,
2015-09-23,,,,,,,,
2015-09-24,,,,,,,,
2015-09-25,,,,,,,,
2015-09-28,,,,,,,,
2015-09-29,,,,,,,,
2015-09-30,,,,,,,,
2015-10-01,,,,,,,,
2015-10-02,,,,,,,,
2015-10-05,,,,,,,,
2015-10-06,,,,,,,,
2015-10-07,,,,,,,,
2015-10-08,26.2154,30.21,0.0,1.0,30.21,30.01,30.01,2000.0
2015-10-09,26.172,30.16,0.0,1.0,30.2,30.06,30.2,4300.0
2015-10-12,26.3369,30.35,0.0,1.0,30.42,30.27,30.42,2300.0
2015-10-13,26.172,30.16,0.0,1.0,30.16,30.16,30.16,500.0
2015-10-14,26.172,30.16,0.0,1.0,30.16,30.16,30.16,0.0
2015-10-15,26.0939,30.07,0.0,1.0,30.07,30.03,30.03,2500.0
2015-10-16,26.5903,30.642,0.0,1.0,30.6633,30.596,30.596,400.0
2015-10-19,26.9009,31.0,0.0,1.0,31.01,30.7,30.7,2000.0
2015-10-20,26.9269,31.03,0.0,1.0,31.36,30.99,31.3594,3200.0
2015-10-21,26.9486,31.055,0.0,1.0,31.055,31.055,31.055,400.0
2015-10-22,27.2897,31.448,0.0,1.0,31.4631,31.177,31.18,2200.0
2015-10-23,26.9617,31.07,0.0,1.0,31.07,30.9397,31.053,3500.0
2015-10-26,26.9964,31.11,0.0,1.0,31.12,31.028,31.028,600.0
2015-10-27,27.0033,31.118,0.0,1.0,31.12,31.0,31.06,3400.0
2015-10-28,26.9053,31.005,0.0,1.0,31.33,31.005,31.2399,3200.0
2015-10-29,27.0276,31.146,0.0,1.0,31.146,31.01,31.03,3900.0
2015-10-30,26.8575,30.95,0.0,1.0,30.95,30.9484,30.95,200.0
2015-11-02,26.8575,30.95,0.0,1.0,30.95,30.95,30.95,100.0
2015-11-03,27.2046,31.35,0.0,1.0,31.6,31.32,31.6,500.0
2015-11-04,27.0918,31.22,0.0,1.0,31.52,31.22,31.52,1900.0
2015-11-05,26.9877,31.1,0.0,1.0,31.28,30.95,31.28,23800.0
2015-11-06,25.9898,29.95,0.0,1.0,30.38,29.95,30.38,9000.0
2015-11-09,25.7815,29.71,0.0,1.0,30.104,29.6,30.06,45500.0
2015-11-10,26.0592,30.03,0.0,1.0,30.11,29.85,30.11,27200.0
2015-11-11,26.1494,30.134,0.0,1.0,30.26,29.99,30.105,27100.0
2015-11-12,25.9898,29.95,0.0,1.0,30.08,29.86,29.8585,63900.0
2015-11-13,25.6513,29.56,0.0,1.0,29.87,29.556,29.82,47700.0
2015-11-16,25.6253,29.53,0.0,1.0,29.62,29.53,29.53,4200.0
2015-11-17,26.0245,29.99,0.0,1.0,30.18,29.93,30.0,25700.0
2015-11-18,26.3325,30.345,0.0,1.0,30.345,26.7,29.64,28600.0
2015-11-19,26.4757,30.51,0.0,1.0,30.55,30.41,30.41,3500.0
2015-11-20,26.6926,30.76,0.0,1.0,30.77,30.7101,30.71,600.0
2015-11-23,26.8315,30.92,0.0,1.0,31.012,30.92,30.9693,2400.0
2015-11-24,26.4236,30.45,0.0,1.0,31.0212,30.45,31.02,2500.0
2015-11-25,26.4236,30.45,0.0,1.0,30.45,30.45,30.45,0.0
2015-11-27,26.6232,30.68,0.0,1.0,30.68,30.68,30.68,0.0
2015-11-30,26.684,30.75,0.0,1.0,31.0,30.722,31.0,1600.0
2015-12-01,27.1257,31.259,0.0,1.0,31.259,30.98,30.98,5600.0
2015-12-02,26.5712,30.62,0.0,1.0,31.22,30.62,31.11,4400.0
2015-12-03,26.0418,30.01,0.0,1.0,30.3699,30.01,30.37,800.0
2015-12-04,26.5712,30.62,0.0,1.0,30.83,30.31,30.31,4400.0
2015-12-07,26.5712,30.62,0.0,1.0,30.62,30.62,30.62,0.0
2015-12-08,26.6579,30.72,0.0,1.0,30.76,29.92,30.28,4600.0
2015-12-09,26.5104,30.55,0.0,1.0,30.55,30.51,30.51,600.0
2015-12-10,26.2935,30.3,0.0,1.0,30.3,30.3,30.3,700.0
2015-12-11,26.1529,30.138,0.0,1.0,30.18,30.138,30.18,300.0
2015-12-14,26.2336,30.231,0.0,1.0,30.27,30.09,30.1,600.0
2015-12-15,26.5364,30.58,0.0,1.0,30.79,30.58,30.723,4100.0
2015-12-16,27.0137,31.13,0.0,1.0,31.13,30.86,30.86,1600.0
2015-12-17,26.979,31.09,0.0,1.0,31.46,31.058,31.46,2400.0
2015-12-18,26.6281,30.35,0.34,1.0,30.59,30.3489,30.563,1400.0
2015-12-21,26.6719,30.4,0.0,1.0,30.456,30.4,30.456,500.0
2015-12-22,26.9176,30.68,0.0,1.0,30.68,30.68,30.68,200.0
2015-12-23,27.1808,30.98,0.0,1.0,30.98,30.75,30.75,4500.0
2015-12-24,27.2071,31.01,0.0,1.0,31.01,30.856,30.856,300.0
2015-12-28,27.1343,30.927,0.0,1.0,31.03,30.92,31.03,2100.0
2015-12-29,27.5844,31.44,0.0,1.0,31.49,31.251,31.25,3500.0
2015-12-30,27.5844,31.44,0.0,1.0,31.59,31.44,31.57,2000.0
2015-12-31,27.3598,31.184,0.0,1.0,31.39,31.184,31.32,36800.0
2016-01-04,26.7246,30.46,0.0,1.0,30.98,30.361,30.98,1900.0
2016-01-05,27.5344,31.383,0.0,1.0,31.383,30.93,30.93,1500.0
2016-01-06,27.2685,31.08,0.0,1.0,31.185,30.82,30.82,3700.0
2016-01-07,26.7684,30.51,0.0,1.0,30.7541,30.507,30.721,1500.0
2016-01-08,26.4175,30.11,0.0,1.0,30.519,30.08,30.51,4000.0
2016-01-11,26.5754,30.29,0.0,1.0,30.29,30.29,30.29,500.0
2016-01-12,26.2859,29.96,0.0,1.0,30.11,29.96,30.04,2300.0
2016-01-13,26.0139,29.65,0.0,1.0,30.29,29.65,30.24,3300.0
2016-01-14,26.1016,29.75,0.0,1.0,29.828,29.5,29.828,3700.0
2016-01-15,25.663,29.25,0.0,1.0,29.3,29.146,29.146,1400.0
2016-01-19,25.8384,29.45,0.0,1.0,29.51,29.355,29.51,4700.0
2016-01-20,25.1453,28.66,0.0,1.0,28.89,28.1211,28.66,4600.0
2016-01-21,25.3383,28.88,0.0,1.0,28.88,28.8785,28.88,100.0
2016-01-22,25.8648,29.48,0.0,1.0,29.48,29.457,29.465,300.0
2016-01-25,25.8648,29.48,0.0,1.0,29.48,29.48,29.48,0.0
2016-01-26,26.0946,29.742,0.0,1.0,29.856,29.59,29.59,500.0
2016-01-27,25.8648,29.48,0.0,1.0,29.48,29.48,29.48,900.0
2016-01-28,25.584,29.16,0.0,1.0,29.49,29.16,29.48,1700.0
2016-01-29,25.6103,29.19,0.0,1.0,29.2,29.01,29.0108,600.0
2016-02-01,26.1543,29.81,0.0,1.0,29.8095,29.607,29.607,700.0
2016-02-02,25.8209,29.43,0.0,1.0,29.68,29.43,29.68,1100.0
2016-02-03,25.8472,29.46,0.0,1.0,29.68,29.047,29.68,3800.0
2016-02-04,26.0025,29.637,0.0,1.0,29.645,29.444,29.444,1500.0
2016-02-05,25.5296,29.098,0.0,1.0,29.21,29.098,29.21,200.0
2016-02-08,24.1767,27.556,0.0,1.0,28.1,27.556,28.1,700.0
2016-02-09,23.9872,27.34,0.0,1.0,27.55,27.0685,27.42,1400.0
2016-02-10,24.4961,27.92,0.0,1.0,27.92,27.9236,27.92,300.0
2016-02-11,23.8819,27.22,0.0,1.0,27.3,27.22,27.3,800.0
2016-02-12,24.1188,27.49,0.0,1.0,27.508,27.22,27.22,1800.0
2016-02-16,24.1188,27.49,0.0,1.0,27.4903,27.49,27.49,100.0
2016-02-17,24.8733,28.35,0.0,1.0,28.45,28.328,28.4,2600.0
2016-02-18,25.1804,28.7,0.0,1.0,28.7,28.481,28.481,3900.0
2016-02-19,25.1453,28.66,0.0,1.0,28.66,28.66,28.66,200.0
2016-02-22,25.5314,29.1,0.0,1.0,29.155,29.0736,29.1,800.0
2016-02-23,25.3998,28.95,0.0,1.0,28.9485,28.95,28.95,300.0
2016-02-24,25.4208,28.974,0.0,1.0,28.974,28.91,28.919,800.0
2016-02-25,25.584,29.16,0.0,1.0,29.16,29.16,29.16,100.0
2016-02-26,25.7682,29.37,0.0,1.0,29.505,29.37,29.5,2500.0
2016-02-29,25.7332,29.33,0.0,1.0,29.65,29.33,29.6293,700.0
2016-03-01,26.3473,30.03,0.0,1.0,30.04,29.7898,29.8,1000.0
2016-03-02,26.6368,30.36,0.0,1.0,30.36,30.19,30.23,1300.0
2016-03-03,26.6737,30.402,0.0,1.0,30.418,30.364,30.364,1100.0
2016-03-04,26.7509,30.49,0.0,1.0,30.53,30.44,30.5,1700.0
2016-03-07,26.7333,30.47,0.0,1.0,30.63,30.47,30.61,1500.0
2016-03-08,26.693,30.424,0.0,1.0,30.445,30.424,30.445,600.0
2016-03-09,26.6114,30.331,0.0,1.0,30.517,30.25,30.45,3700.0
2016-03-10,26.4859,30.188,0.0,1.0,30.65,30.188,30.65,1000.0
2016-03-11,27.1018,30.89,0.0,1.0,30.89,30.78,30.7794,400.0
2016-03-14,27.1896,30.99,0.0,1.0,31.0965,30.99,31.039,3000.0
2016-03-15,27.3694,31.195,0.0,1.0,31.195,31.0,31.0,2300.0
2016-03-16,27.1633,30.96,0.0,1.0,31.205,30.96,31.2,1500.0
2016-03-17,28.0722,31.996,0.0,1.0,32.046,31.98,31.99,1100.0
2016-03-18,27.8747,31.47,0.303,1.0,31.78,31.43,31.69,136400.0
2016-03-21,27.733,31.31,0.0,1.0,31.62,31.255,31.6188,3400.0
2016-03-22,27.6842,31.255,0.0,1.0,31.4135,31.214,31.22,1600.0
2016-03-23,27.5824,31.14,0.0,1.0,31.337,31.14,31.265,2600.0
2016-03-24,27.6267,31.19,0.0,1.0,31.19,30.977,31.01,2200.0
2016-03-28,27.8038,31.39,0.0,1.0,31.47,31.0087,31.01,2600.0
2016-03-29,28.4061,32.07,0.0,1.0,32.07,31.51,31.72,17300.0
2016-03-30,28.3441,32.0,0.0,1.0,32.33,31.995,32.329,4200.0
2016-03-31,28.4859,32.16,0.0,1.0,32.16,32.0,32.0,11300.0
2016-04-01,28.5452,32.227,0.0,1.0,32.2259,32.023,32.023,700.0
2016-04-04,28.5036,32.18,0.0,1.0,32.272,32.1,32.272,5300.0
2016-04-05,28.2485,31.892,0.0,1.0,31.9,31.8747,31.9,300.0
2016-04-06,28.3264,31.98,0.0,1.0,31.98,31.85,31.93,600.0
2016-04-07,28.0961,31.72,0.0,1.0,32.033,31.72,32.033,2100.0
2016-04-08,28.3619,32.02,0.0,1.0,32.25,32.02,32.19,1900.0
2016-04-11,28.3441,32.0,0.0,1.0,32.2039,31.994,32.056,3100.0
2016-04-12,28.4681,32.14,0.0,1.0,32.19,32.089,32.089,1300.0
2016-04-13,28.3592,32.017,0.0,1.0,32.16,31.949,32.14,2800.0
2016-04-14,28.2467,31.89,0.0,1.0,31.97,31.8461,31.97,3600.0
2016-04-15,28.4416,32.11,0.0,1.0,32.11,31.89,31.89,700.0
2016-04-18,28.5479,32.23,0.0,1.0,32.23,31.85,32.13,1000.0
2016-04-19,28.4504,32.12,0.0,1.0,32.41,32.045,32.41,32800.0
2016-04-20,28.167,31.8,0.0,1.0,32.02,31.76,32.01,1900.0
2016-04-21,27.5151,31.064,0.0,1.0,31.656,31.01,31.63,1300.0
2016-04-22,27.8658,31.46,0.0,1.0,31.6001,31.32,31.39,2400.0
2016-04-25,28.0616,31.681,0.0,1.0,31.681,31.505,31.505,2300.0
2016-04-26,28.1404,31.77,0.0,1.0,31.976,31.77,31.976,2500.0
2016-04-27,28.0341,31.65,0.0,1.0,31.65,31.506,31.62,1200.0
2016-04-28,28.0625,31.682,0.0,1.0,33.15,31.682,33.15,1100.0
2016-04-29,27.795,31.38,0.0,1.0,31.65,31.09,31.65,20100.0
2016-05-02,28.0873,31.71,0.0,1.0,31.809,31.19,31.19,3800.0
2016-05-03,28.229,31.87,0.0,1.0,31.87,31.605,31.605,4700.0
2016-05-04,28.6364,32.33,0.0,1.0,32.33,31.675,31.675,1700.0
2016-05-05,28.663,32.36,0.0,1.0,32.37,32.305,32.34,2700.0
2016-05-06,28.8136,32.53,0.0,1.0,32.668,32.235,32.256,3800.0
2016-05-09,29.1041,32.858,0.0,1.0,32.901,32.75,32.78,5200.0
2016-05-10,29.2122,32.98,0.0,1.0,33.1911,32.913,33.19,7700.0
2016-05-11,28.6807,32.38,0.0,1.0,33.09,32.24,33.09,7100.0
2016-05-12,28.7782,32.49,0.0,1.0,32.605,32.1772,32.47,3600.0
2016-05-13,28.3627,32.021,0.0,1.0,32.995,31.91,32.43,3700.0
2016-05-16,28.7498,32.458,0.0,1.0,32.5,32.12,32.12,7000.0
2016-05-17,28.2733,31.92,0.0,1.0,32.1,31.92,32.0,2400.0
2016-05-18,27.5762,31.133,0.0,1.0,31.94,31.133,31.9384,5700.0
2016-05-19,27.5204,31.07,0.0,1.0,31.158,30.985,31.04,3000.0
2016-05-20,27.7082,31.282,0.0,1.0,31.3,31.224,31.25,2700.0
2016-05-23,27.795,31.38,0.0,1.0,31.42,31.3496,31.41,4200.0
2016-05-24,27.981,31.59,0.0,1.0,31.72,31.59,31.7,3500.0
2016-05-25,28.1705,31.804,0.0,1.0,31.9,31.47,31.9,5600.0
2016-05-26,28.1493,31.78,0.0,1.0,31.79,31.68,31.68,1000.0
2016-05-27,28.26,31.905,0.0,1.0,32.02,31.864,31.9888,1500.0
2016-05-31,28.2733,31.92,0.0,1.0,32.01,31.722,32.01,2500.0
2016-06-01,28.167,31.8,0.0,1.0,31.81,31.634,31.75,2500.0
2016-06-02,28.2556,31.9,0.0,1.0,31.9,31.832,31.832,800.0
2016-06-03,28.3831,32.044,0.0,1.0,32.16,31.91,31.91,2400.0
2016-06-06,28.3973,32.06,0.0,1.0,32.09,31.9,32.09,3100.0
2016-06-07,28.4203,32.086,0.0,1.0,32.238,32.0,32.06,2500.0
2016-06-08,28.5567,32.24,0.0,1.0,32.25,32.05,32.07,2700.0
2016-06-09,28.6169,32.308,0.0,1.0,32.3087,32.142,32.26,6100.0
2016-06-10,28.477,32.15,0.0,1.0,32.2,32.12,32.1194,1600.0
2016-06-13,28.4681,32.14,0.0,1.0,32.388,32.14,32.35,5800.0
2016-06-14,28.3353,31.99,0.0,1.0,32.1,31.95,32.028,4900.0
2016-06-15,28.6276,32.32,0.0,1.0,32.42,32.231,32.231,8600.0
2016-06-16,28.7746,32.486,0.0,1.0,32.52,32.182,32.184,7200.0
2016-06-17,28.73,32.17,0.266,1.0,32.2,31.898,32.02,6800.0
2016-06-20,28.7568,32.2,0.0,1.0,32.49,32.2,32.491,4900.0
2016-06-21,28.9889,32.46,0.0,1.0,32.46,32.37,32.37,3200.0
2016-06-22,28.9622,32.43,0.0,1.0,32.47,32.327,32.3897,2700.0
2016-06-23,29.0872,32.57,0.0,1.0,32.57,32.5301,32.531,5300.0
2016-06-24,28.721,32.16,0.0,1.0,32.25,31.85,32.0,5700.0
2016-06-27,28.6764,32.11,0.0,1.0,32.21,31.885,32.0,3400.0
2016-06-28,29.2033,32.7,0.0,1.0,32.7,32.49,32.58,8600.0
2016-06-29,29.757,33.32,0.0,1.0,33.3416,33.176,33.24,7600.0
2016-06-30,29.9981,33.59,0.0,1.0,33.6,33.231,33.54,11900.0
2016-07-01,29.9803,33.57,0.0,1.0,33.83,33.53,33.83,4900.0
2016-07-05,30.1991,33.815,0.0,1.0,33.84,33.61,33.61,2300.0
2016-07-06,30.1589,33.77,0.0,1.0,33.99,33.58,33.99,8300.0
2016-07-07,29.7838,33.35,0.0,1.0,33.9,33.328,33.9,3400.0
2016-07-08,30.3,33.928,0.0,1.0,34.0,33.601,33.73,17900.0
2016-07-11,30.534,34.19,0.0,1.0,34.22,33.86,34.22,6100.0
2016-07-12,30.5965,34.26,0.0,1.0,34.26,33.9706,34.26,919000.0
2016-07-13,30.7394,34.42,0.0,1.0,34.42,34.2114,34.32,27800.0
2016-07-14,30.5688,34.229,0.0,1.0,34.48,34.086,34.48,8400.0
2016-07-15,30.5241,34.179,0.0,1.0,34.179,33.967,34.04,304400.0
2016-07-18,30.534,34.19,0.0,1.0,34.22,34.07,34.22,6700.0
2016-07-19,30.6215,34.288,0.0,1.0,34.29,34.105,34.105,7200.0
2016-07-20,30.5786,34.24,0.0,1.0,34.33,34.171,34.33,9400.0
2016-07-21,30.6679,34.34,0.0,1.0,34.36,34.109,34.26,8300.0
2016-07-22,30.9001,34.6,0.0,1.0,34.72,34.465,34.5006,10900.0
2016-07-25,30.8555,34.55,0.0,1.0,34.6497,34.4,34.65,22800.0
2016-07-26,30.6813,34.355,0.0,1.0,34.65,34.321,34.65,8500.0
2016-07-27,30.4536,34.1,0.0,1.0,34.57,33.98,34.57,8400.0
2016-07-28,30.6411,34.31,0.0,1.0,34.42,33.985,34.16,10600.0
2016-07-29,30.9698,34.678,0.0,1.0,34.77,34.36,34.36,17500.0
2016-08-01,31.0698,34.79,0.0,1.0,34.82,34.595,34.71,30700.0
2016-08-02,30.5965,34.26,0.0,1.0,34.75,34.193,34.75,90100.0
2016-08-03,30.3643,34.0,0.0,1.0,34.28,33.911,34.28,22000.0
2016-08-04,30.3107,33.94,0.0,1.0,34.16,33.82,34.16,234100.0
2016-08-05,30.3107,33.94,0.0,1.0,34.03,33.88,33.98,21500.0
2016-08-08,30.3018,33.93,0.0,1.0,34.068,33.93,33.9394,45100.0
2016-08-09,30.5072,34.16,0.0,1.0,34.16,33.83,34.1,204300.0
2016-08-10,30.4446,34.09,0.0,1.0,34.24,34.02,34.24,12300.0
2016-08-11,30.1589,33.77,0.0,1.0,34.215,33.62,34.215,19400.0
2016-08-12,30.2571,33.88,0.0,1.0,34.11,33.794,34.1096,11600.0
2016-08-15,30.2214,33.84,0.0,1.0,34.09,33.83,34.09,14900.0
2016-08-16,29.8552,33.43,0.0,1.0,33.63,33.43,33.63,18600.0
2016-08-17,29.9803,33.57,0.0,1.0,33.6,33.26,33.6,18300.0
2016-08-18,29.9177,33.5,0.0,1.0,33.59,33.4,33.59,11700.0
2016-08-19,29.6855,33.24,0.0,1.0,33.44,33.13,33.44,20900.0
2016-08-22,29.8284,33.4,0.0,1.0,33.4,33.12,33.12,56300.0
2016-08-23,29.8106,33.38,0.0,1.0,33.54,33.3818,33.54,60600.0
2016-08-24,29.7302,33.29,0.0,1.0,33.55,33.1384,33.55,58700.0
2016-08-25,29.8552,33.43,0.0,1.0,33.64,33.13,33.13,24400.0
2016-08-26,29.5605,33.1,0.0,1.0,33.58,32.9,33.54,33700.0
2016-08-29,29.8552,33.43,0.0,1.0,33.48,33.069,33.13,22900.0
2016-08-30,29.7659,33.33,0.0,1.0,33.49,33.16,33.49,38600.0
2016-08-31,29.8106,33.38,0.0,1.0,33.46,33.19,33.43,143400.0
2016-09-01,29.8016,33.37,0.0,1.0,33.51,33.16,33.51,69500.0
2016-09-02,29.9981,33.59,0.0,1.0,33.89,33.4,33.4,48900.0
2016-09-06,30.2482,33.87,0.0,1.0,33.89,33.5,33.76,169500.0
2016-09-07,30.399,33.86,0.178,1.0,33.86,33.57,33.8,555900.0
2016-09-08,30.013,33.43,0.0,1.0,33.9,33.43,33.82,322500.0
2016-09-09,28.8728,32.16,0.0,1.0,33.22,32.12,33.22,906700.0
2016-09-12,28.9895,32.29,0.0,1.0,32.68,32.0,32.15,5085900.0
2016-09-13,28.4777,31.72,0.0,1.0,32.3397,31.66,32.21,926700.0
2016-09-14,28.5316,31.78,0.0,1.0,32.21,31.65,32.21,532100.0
2016-09-15,28.7471,32.02,0.0,1.0,32.05,31.67,31.83,528600.0
2016-09-16,28.6483,31.91,0.0,1.0,32.05,31.72,32.05,2119500.0
2016-09-19,28.9446,32.24,0.0,1.0,32.27,31.95,31.99,4242400.0
2016-09-20,28.8907,32.18,0.0,1.0,32.47,32.18,32.469,3387100.0
2016-09-21,29.2229,32.55,0.0,1.0,32.64,31.83,32.1426,2247900.0
2016-09-22,29.7975,33.19,0.0,1.0,33.25,32.77,32.7701,1728200.0
2016-09-23,29.9142,33.32,0.0,1.0,33.45,32.8385,33.07,19150800.0
2016-09-26,29.977,33.39,0.0,1.0,33.44,33.13,33.15,2998900.0
2016-09-27,29.7167,33.1,0.0,1.0,33.44,33.06,33.37,3562300.0
2016-09-28,29.9232,33.33,0.0,1.0,33.35,33.0621,33.11,4122700.0
2016-09-29,29.5551,32.92,0.0,1.0,33.29,32.81,33.18,2674400.0
2016-09-30,29.4204,32.77,0.0,1.0,33.28,32.73,33.01,2058000.0
2016-10-03,28.8548,32.14,0.0,1.0,32.7,32.09,32.66,2344800.0
2016-10-04,28.4149,31.65,0.0,1.0,32.15,31.473,32.15,3262600.0
2016-10-05,27.8852,31.06,0.0,1.0,31.85,30.955,31.66,4848700.0
2016-10-06,27.9391,31.12,0.0,1.0,31.33,30.63,30.9803,2438800.0
2016-10-07,27.8672,31.04,0.0,1.0,31.6,30.9,31.19,1711500.0
2016-10-10,27.975,31.16,0.0,1.0,31.315,31.0,31.05,2403900.0
2016-10-11,27.7595,30.92,0.0,1.0,31.2,30.823,31.08,1770400.0
2016-10-12,28.1545,31.36,0.0,1.0,31.36,30.93,30.97,1411700.0
2016-10-13,28.2443,31.46,0.0,1.0,31.54,31.12,31.27,3299300.0
2016-10-14,28.2084,31.42,0.0,1.0,31.73,31.35,31.56,2381400.0
2016-10-17,28.2353,31.45,0.0,1.0,31.61,31.3996,31.42,1148300.0
2016-10-18,28.379,31.61,0.0,1.0,31.81,31.544,31.65,4753200.0
2016-10-19,28.4867,31.73,0.0,1.0,31.76,31.44,31.7576,1515600.0
2016-10-20,28.388,31.62,0.0,1.0,31.83,31.465,31.57,1977100.0
2016-10-21,28.37,31.6,0.0,1.0,31.61,31.3501,31.4,1295700.0
2016-10-24,28.4059,31.64,0.0,1.0,31.96,31.541,31.65,1108700.0
2016-10-25,28.37,31.6,0.0,1.0,31.63,31.41,31.53,1402700.0
2016-10-26,28.0019,31.19,0.0,1.0,31.5,30.99,31.4,1481900.0
2016-10-27,27.3376,30.45,0.0,1.0,31.11,30.355,31.11,1409100.0
2016-10-28,27.4094,30.53,0.0,1.0,30.785,30.43,30.55,2338200.0
2016-10-31,27.7864,30.95,0.0,1.0,30.982,30.522,30.6,1071400.0
2016-11-01,27.2388,30.34,0.0,1.0,30.901,30.205,30.87,3438600.0
2016-11-02,26.8168,29.87,0.0,1.0,30.32,29.87,30.25,1699300.0
2016-11-03,26.7001,29.74,0.0,1.0,29.92,29.68,29.82,1922500.0
2016-11-04,26.8797,29.94,0.0,1.0,30.05,29.67,29.77,1757400.0
2016-11-07,27.3735,30.49,0.0,1.0,30.51,30.13,30.14,2997600.0
2016-11-08,27.544,30.68,0.0,1.0,30.77,30.36,30.38,1513400.0
2016-11-09,26.9246,29.99,0.0,1.0,30.244,29.48,29.68,4760900.0
2016-11-10,26.5206,29.54,0.0,1.0,29.8693,29.073,29.85,5345000.0
2016-11-11,26.5475,29.57,0.0,1.0,29.91,29.47,29.47,3702500.0
2016-11-14,27.0682,30.15,0.0,1.0,30.27,29.2,29.41,4315200.0
2016-11-15,26.8887,29.95,0.0,1.0,30.52,29.79,30.17,3161100.0
2016-11-16,26.8707,29.93,0.0,1.0,30.0885,29.7,29.82,2059000.0
2016-11-17,26.6193,29.65,0.0,1.0,30.09,29.6,29.86,1573600.0
2016-11-18,26.6732,29.71,0.0,1.0,29.81,29.5,29.6004,1276900.0
2016-11-21,26.6014,29.63,0.0,1.0,29.98,29.61,29.75,1584900.0
2016-11-22,27.0592,30.14,0.0,1.0,30.19,29.67,29.71,2567200.0
2016-11-23,26.8707,29.93,0.0,1.0,30.02,29.71,29.87,1666200.0
2016-11-25,26.9874,30.06,0.0,1.0,30.2288,29.94,29.94,790000.0
2016-11-28,27.0862,30.17,0.0,1.0,30.385,30.0,30.0,1957300.0
2016-11-29,27.2747,30.38,0.0,1.0,30.5488,30.11,30.11,1769200.0
2016-11-30,26.9425,30.01,0.0,1.0,30.255,29.8975,30.1,2233900.0
2016-12-01,26.5295,29.55,0.0,1.0,29.914,29.41,29.8202,2486800.0
2016-12-02,26.7809,29.83,0.0,1.0,30.121,29.55,29.64,2399200.0
2016-12-05,26.9964,30.07,0.0,1.0,30.105,29.765,29.83,1608800.0
2016-12-06,27.1131,30.2,0.0,1.0,30.38,30.06,30.11,1341000.0
2016-12-07,27.6787,30.83,0.0,1.0,30.88,30.23,30.23,2068400.0
2016-12-08,27.8224,30.99,0.0,1.0,31.12,30.51,30.51,1703900.0
2016-12-09,27.8044,30.97,0.0,1.0,31.26,30.93,30.94,1664600.0
2016-12-12,28.0917,31.29,0.0,1.0,31.304,30.79,30.85,2744800.0
2016-12-13,28.1635,31.37,0.0,1.0,31.48,31.147,31.41,2182100.0
2016-12-14,27.6697,30.82,0.0,1.0,31.4,30.73,31.34,3364000.0
2016-12-15,27.4453,30.57,0.0,1.0,30.925,30.51,30.73,3224700.0
2016-12-16,27.8302,30.44,0.551,1.0,30.61,30.0905,30.13,3455600.0
2016-12-19,28.077,30.71,0.0,1.0,30.81,30.45,30.53,2260000.0
2016-12-20,28.0953,30.73,0.0,1.0,30.87,30.555,30.66,1764200.0
2016-12-21,27.7388,30.34,0.0,1.0,30.94,30.3195,30.75,1871800.0
2016-12-22,27.7022,30.3,0.0,1.0,30.324,30.006,30.24,1399800.0
2016-12-23,27.7296,30.33,0.0,1.0,30.4302,30.23,30.32,931600.0
2016-12-27,27.8028,30.41,0.0,1.0,30.52,30.2795,30.4,1143600.0
2016-12-28,27.5925,30.18,0.0,1.0,30.46,30.115,30.39,2570500.0
2016-12-29,27.8485,30.46,0.0,1.0,30.569,30.1294,30.21,1526200.0
2016-12-30,28.1136,30.75,0.0,1.0,30.82,30.38,30.43,1853300.0
